# Blender v2.74 (sub 0) OBJ File: ''
# www.blender.org
mtllib penguin.mtl
o Arms
v -0.046200 -0.421200 0.321900
v -0.088895 -0.421191 0.808882
v -0.090330 -0.217544 0.743008
v -0.079941 -0.068466 0.564298
v -0.060510 -0.013903 0.320638
v -0.037245 -0.068475 0.077316
v -0.016380 -0.217559 -0.100470
v -0.003505 -0.421209 -0.165082
v -0.002070 -0.624856 -0.099208
v -0.012459 -0.773934 0.079502
v -0.031890 -0.828497 0.323162
v -0.055155 -0.773925 0.566484
v -0.076020 -0.624841 0.744270
v -0.088895 -0.421191 0.808882
vt 1.000000 0.500000
vt 0.933013 0.750000
vt 0.500000 0.500000
vt 0.750000 0.933013
vt 0.500000 1.000000
vt 0.250000 0.933013
vt 0.066987 0.750000
vt 0.000000 0.500000
vt 0.066987 0.250000
vt 0.250000 0.066987
vt 0.500000 0.000000
vt 0.750000 0.066987
vt 0.933013 0.250000
vn -0.995600 -0.035200 -0.087300
usemtl 0
s 1
f 2/1/1 3/2/1 1/3/1
f 3/2/1 4/4/1 1/3/1
f 4/4/1 5/5/1 1/3/1
f 5/5/1 6/6/1 1/3/1
f 6/6/1 7/7/1 1/3/1
f 7/7/1 8/8/1 1/3/1
f 8/8/1 9/9/1 1/3/1
f 9/9/1 10/10/1 1/3/1
f 10/10/1 11/11/1 1/3/1
f 11/11/1 12/12/1 1/3/1
f 12/12/1 13/13/1 1/3/1
f 13/13/1 14/1/1 1/3/1
o Body
v 0.000000 -0.091750 -0.000000
v 0.080822 -0.097072 -0.000000
v 0.160158 -0.112791 -0.000000
v 0.236772 -0.138906 -0.000000
v 0.309425 -0.174676 -0.000000
v 0.376756 -0.219604 -0.000000
v 0.437651 -0.272949 -0.000000
v 0.490996 -0.333844 -0.000000
v 0.535924 -0.401175 -0.000000
v 0.571694 -0.473828 -0.000000
v 0.597809 -0.550442 -0.000000
v 0.613528 -0.629778 -0.000000
v 0.618850 -0.710600 0.000000
v 0.613528 -0.791422 0.000000
v 0.597809 -0.870758 0.000000
v 0.571694 -0.947372 0.000000
v 0.535924 -1.020025 0.000000
v 0.490996 -1.087356 0.000000
v 0.437651 -1.148251 0.000000
v 0.376756 -1.201596 0.000000
v 0.309425 -1.246524 0.000000
v 0.236772 -1.282294 0.000000
v 0.160158 -1.308409 0.000000
v 0.080822 -1.324128 0.000000
v 0.000000 -1.329450 0.000000
v 0.077975 -0.097072 0.022773
v 0.154712 -0.112791 0.045141
v 0.228727 -0.138906 0.066701
v 0.298905 -0.174676 0.087183
v 0.363884 -0.219604 0.106183
v 0.422675 -0.272949 0.123296
v 0.474287 -0.333844 0.138388
v 0.517730 -0.401175 0.151055
v 0.552262 -0.473828 0.161161
v 0.577387 -0.550442 0.168438
v 0.592611 -0.629778 0.172884
v 0.597809 -0.710600 0.174367
v 0.592611 -0.791422 0.172884
v 0.577387 -0.870758 0.168438
v 0.552262 -0.947372 0.161161
v 0.517730 -1.020025 0.151055
v 0.474287 -1.087356 0.138388
v 0.422675 -1.148251 0.123296
v 0.363884 -1.201596 0.106183
v 0.298905 -1.246524 0.087183
v 0.228727 -1.282294 0.066701
v 0.154712 -1.308409 0.045141
v 0.077975 -1.324128 0.022773
v 0.069930 -0.097072 0.043929
v 0.138746 -0.112791 0.087183
v 0.205087 -0.138906 0.128956
v 0.267962 -0.174676 0.168438
v 0.326258 -0.219604 0.205090
v 0.378984 -0.272949 0.238238
v 0.425150 -0.333844 0.267209
v 0.464137 -0.401175 0.291734
v 0.495204 -0.473828 0.311273
v 0.517730 -0.550442 0.325421
v 0.531345 -0.629778 0.334045
v 0.535924 -0.710600 0.336875
v 0.531345 -0.791422 0.334045
v 0.517730 -0.870758 0.325421
v 0.495204 -0.947372 0.311273
v 0.464137 -1.020025 0.291734
v 0.425150 -1.087356 0.267209
v 0.378984 -1.148251 0.238238
v 0.326258 -1.201596 0.205090
v 0.267962 -1.246524 0.168438
v 0.205087 -1.282294 0.128956
v 0.138746 -1.308409 0.087183
v 0.069930 -1.324128 0.043929
v 0.057058 -0.097072 0.062120
v 0.113250 -0.112791 0.123296
v 0.167461 -0.138906 0.182317
v 0.218825 -0.174676 0.238238
v 0.266353 -0.219604 0.289982
v 0.309425 -0.272949 0.336875
v 0.347175 -0.333844 0.377974
v 0.378984 -0.401175 0.412605
v 0.404233 -0.473828 0.440094
v 0.422675 -0.550442 0.460171
v 0.433814 -0.629778 0.472299
v 0.437651 -0.710600 0.476476
v 0.433814 -0.791422 0.472299
v 0.422675 -0.870758 0.460171
v 0.404233 -0.947372 0.440094
v 0.378984 -1.020025 0.412605
v 0.347175 -1.087356 0.377974
v 0.309425 -1.148251 0.336875
v 0.266353 -1.201596 0.289982
v 0.218825 -1.246524 0.238238
v 0.167461 -1.282294 0.182317
v 0.113250 -1.308409 0.123296
v 0.057058 -1.324128 0.062120
v 0.040349 -0.097072 0.076134
v 0.080079 -0.112791 0.151055
v 0.118448 -0.138906 0.223281
v 0.154712 -0.174676 0.291734
v 0.188378 -0.219604 0.355201
v 0.218825 -0.272949 0.412605
v 0.245436 -0.333844 0.462866
v 0.267962 -0.401175 0.505313
v 0.285909 -0.473828 0.539135
v 0.298905 -0.550442 0.563659
v 0.306826 -0.629778 0.578482
v 0.309425 -0.710600 0.583468
v 0.306826 -0.791422 0.578482
v 0.298905 -0.870758 0.563659
v 0.285909 -0.947372 0.539135
v 0.267962 -1.020025 0.505313
v 0.245436 -1.087356 0.462866
v 0.218825 -1.148251 0.412605
v 0.188378 -1.201596 0.355201
v 0.154712 -1.246524 0.291734
v 0.118448 -1.282294 0.223281
v 0.080079 -1.308409 0.151055
v 0.040349 -1.324128 0.076134
v 0.020917 -0.097072 0.084893
v 0.041463 -0.112791 0.168438
v 0.061266 -0.138906 0.249018
v 0.080079 -0.174676 0.325421
v 0.097531 -0.219604 0.396165
v 0.113250 -0.272949 0.460171
v 0.127112 -0.333844 0.516362
v 0.138746 -0.401175 0.563659
v 0.148029 -0.473828 0.601255
v 0.154712 -0.550442 0.628609
v 0.158797 -0.629778 0.645183
v 0.160158 -0.710600 0.650843
v 0.158797 -0.791422 0.645183
v 0.154712 -0.870758 0.628609
v 0.148029 -0.947372 0.601255
v 0.138746 -1.020025 0.563659
v 0.127112 -1.087356 0.516362
v 0.113250 -1.148251 0.460171
v 0.097531 -1.201596 0.396165
v 0.080079 -1.246524 0.325421
v 0.061266 -1.282294 0.249018
v 0.041463 -1.308409 0.168438
v 0.020917 -1.324128 0.084893
v 0.000000 -0.097072 0.087992
v 0.000000 -0.112791 0.174367
v 0.000000 -0.138906 0.257777
v 0.000000 -0.174676 0.336875
v 0.000000 -0.219604 0.410179
v 0.000000 -0.272949 0.476476
v 0.000000 -0.333844 0.534553
v 0.000000 -0.401175 0.583468
v 0.000000 -0.473828 0.622410
v 0.000000 -0.550442 0.650843
v 0.000000 -0.629778 0.667956
v 0.000000 -0.710600 0.673750
v 0.000000 -0.791422 0.667956
v 0.000000 -0.870758 0.650843
v 0.000000 -0.947372 0.622410
v 0.000000 -1.020025 0.583468
v 0.000000 -1.087356 0.534553
v 0.000000 -1.148251 0.476476
v 0.000000 -1.201596 0.410179
v 0.000000 -1.246524 0.336875
v 0.000000 -1.282294 0.257777
v 0.000000 -1.308409 0.174367
v 0.000000 -1.324128 0.087992
v -0.020917 -0.097072 0.084893
v -0.041463 -0.112791 0.168438
v -0.061266 -0.138906 0.249018
v -0.080079 -0.174676 0.325421
v -0.097531 -0.219604 0.396165
v -0.113250 -0.272949 0.460171
v -0.127112 -0.333844 0.516362
v -0.138746 -0.401175 0.563659
v -0.148029 -0.473828 0.601255
v -0.154712 -0.550442 0.628609
v -0.158797 -0.629778 0.645183
v -0.160158 -0.710600 0.650843
v -0.158797 -0.791422 0.645183
v -0.154712 -0.870758 0.628609
v -0.148029 -0.947372 0.601255
v -0.138746 -1.020025 0.563659
v -0.127112 -1.087356 0.516362
v -0.113250 -1.148251 0.460171
v -0.097531 -1.201596 0.396165
v -0.080079 -1.246524 0.325421
v -0.061266 -1.282294 0.249018
v -0.041463 -1.308409 0.168438
v -0.020917 -1.324128 0.084893
v -0.040349 -0.097072 0.076134
v -0.080079 -0.112791 0.151055
v -0.118448 -0.138906 0.223281
v -0.154712 -0.174676 0.291734
v -0.188378 -0.219604 0.355201
v -0.218825 -0.272949 0.412605
v -0.245436 -0.333844 0.462866
v -0.267962 -0.401175 0.505313
v -0.285909 -0.473828 0.539135
v -0.298905 -0.550442 0.563659
v -0.306826 -0.629778 0.578482
v -0.309425 -0.710600 0.583468
v -0.306826 -0.791422 0.578482
v -0.298905 -0.870758 0.563659
v -0.285909 -0.947372 0.539135
v -0.267962 -1.020025 0.505313
v -0.245436 -1.087356 0.462866
v -0.218825 -1.148251 0.412605
v -0.188378 -1.201596 0.355201
v -0.154712 -1.246524 0.291734
v -0.118448 -1.282294 0.223281
v -0.080079 -1.308409 0.151055
v -0.040349 -1.324128 0.076134
v -0.057058 -0.097072 0.062120
v -0.113250 -0.112791 0.123296
v -0.167461 -0.138906 0.182317
v -0.218825 -0.174676 0.238238
v -0.266353 -0.219604 0.289982
v -0.309425 -0.272949 0.336875
v -0.347175 -0.333844 0.377974
v -0.378984 -0.401175 0.412605
v -0.404233 -0.473828 0.440094
v -0.422675 -0.550442 0.460171
v -0.433814 -0.629778 0.472299
v -0.437651 -0.710600 0.476476
v -0.433814 -0.791422 0.472299
v -0.422675 -0.870758 0.460171
v -0.404233 -0.947372 0.440094
v -0.378984 -1.020025 0.412605
v -0.347175 -1.087356 0.377974
v -0.309425 -1.148251 0.336875
v -0.266353 -1.201596 0.289982
v -0.218825 -1.246524 0.238238
v -0.167461 -1.282294 0.182317
v -0.113250 -1.308409 0.123296
v -0.057058 -1.324128 0.062120
v -0.069930 -0.097072 0.043929
v -0.138746 -0.112791 0.087183
v -0.205087 -0.138906 0.128956
v -0.267962 -0.174676 0.168438
v -0.326258 -0.219604 0.205090
v -0.378984 -0.272949 0.238238
v -0.425150 -0.333844 0.267209
v -0.464137 -0.401175 0.291734
v -0.495204 -0.473828 0.311273
v -0.517730 -0.550442 0.325421
v -0.531345 -0.629778 0.334045
v -0.535924 -0.710600 0.336875
v -0.531345 -0.791422 0.334045
v -0.517730 -0.870758 0.325421
v -0.495204 -0.947372 0.311273
v -0.464137 -1.020025 0.291734
v -0.425150 -1.087356 0.267209
v -0.378984 -1.148251 0.238238
v -0.326258 -1.201596 0.205090
v -0.267962 -1.246524 0.168438
v -0.205087 -1.282294 0.128956
v -0.138746 -1.308409 0.087183
v -0.069930 -1.324128 0.043929
v -0.077975 -0.097072 0.022773
v -0.154712 -0.112791 0.045141
v -0.228727 -0.138906 0.066701
v -0.298905 -0.174676 0.087183
v -0.363884 -0.219604 0.106183
v -0.422675 -0.272949 0.123296
v -0.474287 -0.333844 0.138388
v -0.517730 -0.401175 0.151055
v -0.552262 -0.473828 0.161161
v -0.577387 -0.550442 0.168438
v -0.592611 -0.629778 0.172884
v -0.597809 -0.710600 0.174367
v -0.592611 -0.791422 0.172884
v -0.577387 -0.870758 0.168438
v -0.552262 -0.947372 0.161161
v -0.517730 -1.020025 0.151055
v -0.474287 -1.087356 0.138388
v -0.422675 -1.148251 0.123296
v -0.363884 -1.201596 0.106183
v -0.298905 -1.246524 0.087183
v -0.228727 -1.282294 0.066701
v -0.154712 -1.308409 0.045141
v -0.077975 -1.324128 0.022773
v -0.080822 -0.097072 -0.000000
v -0.160158 -0.112791 -0.000000
v -0.236772 -0.138906 -0.000000
v -0.309425 -0.174676 -0.000000
v -0.376756 -0.219604 -0.000000
v -0.437651 -0.272949 -0.000000
v -0.490996 -0.333844 -0.000000
v -0.535924 -0.401175 -0.000000
v -0.571694 -0.473828 -0.000000
v -0.597809 -0.550442 -0.000000
v -0.613528 -0.629778 -0.000000
v -0.618850 -0.710600 0.000000
v -0.613528 -0.791422 0.000000
v -0.597809 -0.870758 0.000000
v -0.571694 -0.947372 0.000000
v -0.535924 -1.020025 0.000000
v -0.490996 -1.087356 0.000000
v -0.437651 -1.148251 0.000000
v -0.376756 -1.201596 0.000000
v -0.309425 -1.246524 0.000000
v -0.236772 -1.282294 0.000000
v -0.160158 -1.308409 0.000000
v -0.080822 -1.324128 0.000000
v -0.077975 -0.097072 -0.022773
v -0.154712 -0.112791 -0.045141
v -0.228727 -0.138906 -0.066701
v -0.298905 -0.174676 -0.087183
v -0.363884 -0.219604 -0.106183
v -0.422675 -0.272949 -0.123296
v -0.474287 -0.333844 -0.138388
v -0.517730 -0.401175 -0.151055
v -0.552262 -0.473828 -0.161161
v -0.577387 -0.550442 -0.168438
v -0.592611 -0.629778 -0.172884
v -0.597809 -0.710600 -0.174367
v -0.592611 -0.791422 -0.172884
v -0.577387 -0.870758 -0.168438
v -0.552262 -0.947372 -0.161161
v -0.517730 -1.020025 -0.151055
v -0.474287 -1.087356 -0.138388
v -0.422675 -1.148251 -0.123296
v -0.363884 -1.201596 -0.106183
v -0.298905 -1.246524 -0.087183
v -0.228727 -1.282294 -0.066701
v -0.154712 -1.308409 -0.045141
v -0.077975 -1.324128 -0.022773
v -0.069930 -0.097072 -0.043929
v -0.138746 -0.112791 -0.087183
v -0.205087 -0.138906 -0.128956
v -0.267962 -0.174676 -0.168438
v -0.326258 -0.219604 -0.205090
v -0.378984 -0.272949 -0.238238
v -0.425150 -0.333844 -0.267209
v -0.464137 -0.401175 -0.291734
v -0.495204 -0.473828 -0.311273
v -0.517730 -0.550442 -0.325421
v -0.531345 -0.629778 -0.334045
v -0.535924 -0.710600 -0.336875
v -0.531345 -0.791422 -0.334045
v -0.517730 -0.870758 -0.325421
v -0.495204 -0.947372 -0.311273
v -0.464137 -1.020025 -0.291734
v -0.425150 -1.087356 -0.267209
v -0.378984 -1.148251 -0.238238
v -0.326258 -1.201596 -0.205090
v -0.267962 -1.246524 -0.168438
v -0.205087 -1.282294 -0.128956
v -0.138746 -1.308409 -0.087183
v -0.069930 -1.324128 -0.043929
v -0.057058 -0.097072 -0.062120
v -0.113250 -0.112791 -0.123296
v -0.167461 -0.138906 -0.182317
v -0.218825 -0.174676 -0.238238
v -0.266353 -0.219604 -0.289982
v -0.309425 -0.272949 -0.336875
v -0.347175 -0.333844 -0.377974
v -0.378984 -0.401175 -0.412605
v -0.404233 -0.473828 -0.440094
v -0.422675 -0.550442 -0.460171
v -0.433814 -0.629778 -0.472299
v -0.437651 -0.710600 -0.476476
v -0.433814 -0.791422 -0.472299
v -0.422675 -0.870758 -0.460171
v -0.404233 -0.947372 -0.440094
v -0.378984 -1.020025 -0.412605
v -0.347175 -1.087356 -0.377974
v -0.309425 -1.148251 -0.336875
v -0.266353 -1.201596 -0.289982
v -0.218825 -1.246524 -0.238238
v -0.167461 -1.282294 -0.182317
v -0.113250 -1.308409 -0.123296
v -0.057058 -1.324128 -0.062120
v -0.040349 -0.097072 -0.076134
v -0.080079 -0.112791 -0.151055
v -0.118448 -0.138906 -0.223281
v -0.154712 -0.174676 -0.291734
v -0.188378 -0.219604 -0.355201
v -0.218825 -0.272949 -0.412605
v -0.245436 -0.333844 -0.462866
v -0.267962 -0.401175 -0.505313
v -0.285909 -0.473828 -0.539135
v -0.298905 -0.550442 -0.563659
v -0.306826 -0.629778 -0.578482
v -0.309425 -0.710600 -0.583468
v -0.306826 -0.791422 -0.578482
v -0.298905 -0.870758 -0.563659
v -0.285909 -0.947372 -0.539135
v -0.267962 -1.020025 -0.505313
v -0.245436 -1.087356 -0.462866
v -0.218825 -1.148251 -0.412605
v -0.188378 -1.201596 -0.355201
v -0.154712 -1.246524 -0.291734
v -0.118448 -1.282294 -0.223281
v -0.080079 -1.308409 -0.151055
v -0.040349 -1.324128 -0.076134
v -0.020917 -0.097072 -0.084893
v -0.041463 -0.112791 -0.168438
v -0.061266 -0.138906 -0.249018
v -0.080079 -0.174676 -0.325421
v -0.097531 -0.219604 -0.396165
v -0.113250 -0.272949 -0.460171
v -0.127112 -0.333844 -0.516362
v -0.138746 -0.401175 -0.563659
v -0.148029 -0.473828 -0.601255
v -0.154712 -0.550442 -0.628609
v -0.158797 -0.629778 -0.645183
v -0.160158 -0.710600 -0.650843
v -0.158797 -0.791422 -0.645183
v -0.154712 -0.870758 -0.628609
v -0.148029 -0.947372 -0.601255
v -0.138746 -1.020025 -0.563659
v -0.127112 -1.087356 -0.516362
v -0.113250 -1.148251 -0.460171
v -0.097531 -1.201596 -0.396165
v -0.080079 -1.246524 -0.325421
v -0.061266 -1.282294 -0.249018
v -0.041463 -1.308409 -0.168438
v -0.020917 -1.324128 -0.084893
v 0.000000 -0.097072 -0.087992
v 0.000000 -0.112791 -0.174367
v 0.000000 -0.138906 -0.257777
v 0.000000 -0.174676 -0.336875
v 0.000000 -0.219604 -0.410179
v 0.000000 -0.272949 -0.476476
v 0.000000 -0.333844 -0.534553
v 0.000000 -0.401175 -0.583468
v 0.000000 -0.473828 -0.622410
v 0.000000 -0.550442 -0.650843
v 0.000000 -0.629778 -0.667956
v 0.000000 -0.710600 -0.673750
v 0.000000 -0.791422 -0.667956
v 0.000000 -0.870758 -0.650843
v 0.000000 -0.947372 -0.622410
v 0.000000 -1.020025 -0.583468
v 0.000000 -1.087356 -0.534553
v 0.000000 -1.148251 -0.476476
v 0.000000 -1.201596 -0.410179
v 0.000000 -1.246524 -0.336875
v 0.000000 -1.282294 -0.257777
v 0.000000 -1.308409 -0.174367
v 0.000000 -1.324128 -0.087992
v 0.020917 -0.097072 -0.084893
v 0.041463 -0.112791 -0.168438
v 0.061266 -0.138906 -0.249018
v 0.080079 -0.174676 -0.325421
v 0.097531 -0.219604 -0.396165
v 0.113250 -0.272949 -0.460171
v 0.127112 -0.333844 -0.516362
v 0.138746 -0.401175 -0.563659
v 0.148029 -0.473828 -0.601255
v 0.154712 -0.550442 -0.628609
v 0.158797 -0.629778 -0.645183
v 0.160158 -0.710600 -0.650843
v 0.158797 -0.791422 -0.645183
v 0.154712 -0.870758 -0.628609
v 0.148029 -0.947372 -0.601255
v 0.138746 -1.020025 -0.563659
v 0.127112 -1.087356 -0.516362
v 0.113250 -1.148251 -0.460171
v 0.097531 -1.201596 -0.396165
v 0.080079 -1.246524 -0.325421
v 0.061266 -1.282294 -0.249018
v 0.041463 -1.308409 -0.168438
v 0.020917 -1.324128 -0.084893
v 0.040349 -0.097072 -0.076134
v 0.080079 -0.112791 -0.151055
v 0.118448 -0.138906 -0.223281
v 0.154712 -0.174676 -0.291734
v 0.188378 -0.219604 -0.355201
v 0.218825 -0.272949 -0.412605
v 0.245436 -0.333844 -0.462866
v 0.267962 -0.401175 -0.505313
v 0.285909 -0.473828 -0.539135
v 0.298905 -0.550442 -0.563659
v 0.306826 -0.629778 -0.578482
v 0.309425 -0.710600 -0.583468
v 0.306826 -0.791422 -0.578482
v 0.298905 -0.870758 -0.563659
v 0.285909 -0.947372 -0.539135
v 0.267962 -1.020025 -0.505313
v 0.245436 -1.087356 -0.462866
v 0.218825 -1.148251 -0.412605
v 0.188378 -1.201596 -0.355201
v 0.154712 -1.246524 -0.291734
v 0.118448 -1.282294 -0.223281
v 0.080079 -1.308409 -0.151055
v 0.040349 -1.324128 -0.076134
v 0.057058 -0.097072 -0.062120
v 0.113250 -0.112791 -0.123296
v 0.167461 -0.138906 -0.182317
v 0.218825 -0.174676 -0.238238
v 0.266353 -0.219604 -0.289982
v 0.309425 -0.272949 -0.336875
v 0.347175 -0.333844 -0.377974
v 0.378984 -0.401175 -0.412605
v 0.404233 -0.473828 -0.440094
v 0.422675 -0.550442 -0.460171
v 0.433814 -0.629778 -0.472299
v 0.437651 -0.710600 -0.476476
v 0.433814 -0.791422 -0.472299
v 0.422675 -0.870758 -0.460171
v 0.404233 -0.947372 -0.440094
v 0.378984 -1.020025 -0.412605
v 0.347175 -1.087356 -0.377974
v 0.309425 -1.148251 -0.336875
v 0.266353 -1.201596 -0.289982
v 0.218825 -1.246524 -0.238238
v 0.167461 -1.282294 -0.182317
v 0.113250 -1.308409 -0.123296
v 0.057058 -1.324128 -0.062120
v 0.069930 -0.097072 -0.043929
v 0.138746 -0.112791 -0.087183
v 0.205087 -0.138906 -0.128956
v 0.267962 -0.174676 -0.168438
v 0.326258 -0.219604 -0.205090
v 0.378984 -0.272949 -0.238238
v 0.425150 -0.333844 -0.267209
v 0.464137 -0.401175 -0.291734
v 0.495204 -0.473828 -0.311273
v 0.517730 -0.550442 -0.325421
v 0.531345 -0.629778 -0.334045
v 0.535924 -0.710600 -0.336875
v 0.531345 -0.791422 -0.334045
v 0.517730 -0.870758 -0.325421
v 0.495204 -0.947372 -0.311273
v 0.464137 -1.020025 -0.291734
v 0.425150 -1.087356 -0.267209
v 0.378984 -1.148251 -0.238238
v 0.326258 -1.201596 -0.205090
v 0.267962 -1.246524 -0.168438
v 0.205087 -1.282294 -0.128956
v 0.138746 -1.308409 -0.087183
v 0.069930 -1.324128 -0.043929
v 0.077975 -0.097072 -0.022773
v 0.154712 -0.112791 -0.045141
v 0.228727 -0.138906 -0.066701
v 0.298905 -0.174676 -0.087183
v 0.363884 -0.219604 -0.106183
v 0.422675 -0.272949 -0.123296
v 0.474287 -0.333844 -0.138388
v 0.517730 -0.401175 -0.151055
v 0.552262 -0.473828 -0.161161
v 0.577387 -0.550442 -0.168438
v 0.592611 -0.629778 -0.172884
v 0.597809 -0.710600 -0.174367
v 0.592611 -0.791422 -0.172884
v 0.577387 -0.870758 -0.168438
v 0.552262 -0.947372 -0.161161
v 0.517730 -1.020025 -0.151055
v 0.474287 -1.087356 -0.138388
v 0.422675 -1.148251 -0.123296
v 0.363884 -1.201596 -0.106183
v 0.298905 -1.246524 -0.087183
v 0.228727 -1.282294 -0.066701
v 0.154712 -1.308409 -0.045141
v 0.077975 -1.324128 -0.022773
vt 1.000000 1.000000
vt 0.958333 0.958333
vt 1.000000 0.958333
vt 0.958333 0.916667
vt 1.000000 0.916667
vt 0.958333 0.875000
vt 1.000000 0.875000
vt 0.958333 0.833333
vt 1.000000 0.833333
vt 0.958333 0.791667
vt 1.000000 0.791667
vt 0.958333 0.750000
vt 1.000000 0.750000
vt 0.958333 0.708333
vt 1.000000 0.708333
vt 0.958333 0.666667
vt 1.000000 0.666667
vt 0.958333 0.625000
vt 1.000000 0.625000
vt 0.958333 0.583333
vt 1.000000 0.583333
vt 0.958333 0.541667
vt 1.000000 0.541667
vt 0.958333 0.500000
vt 1.000000 0.500000
vt 0.958333 0.458333
vt 1.000000 0.458333
vt 0.958333 0.416667
vt 1.000000 0.416667
vt 0.958333 0.375000
vt 1.000000 0.375000
vt 0.958333 0.333333
vt 1.000000 0.333333
vt 0.958333 0.291667
vt 1.000000 0.291667
vt 0.958333 0.250000
vt 1.000000 0.250000
vt 0.958333 0.208333
vt 1.000000 0.208333
vt 0.958333 0.166667
vt 1.000000 0.166667
vt 0.958333 0.125000
vt 1.000000 0.125000
vt 0.958333 0.083333
vt 1.000000 0.083333
vt 0.958333 0.041667
vt 1.000000 0.041667
vt 0.958333 0.000000
vt 0.958333 1.000000
vt 0.916667 0.958333
vt 0.916667 0.916667
vt 0.916667 0.875000
vt 0.916667 0.833333
vt 0.916667 0.791667
vt 0.916667 0.750000
vt 0.916667 0.708333
vt 0.916667 0.666667
vt 0.916667 0.625000
vt 0.916667 0.583333
vt 0.916667 0.541667
vt 0.916667 0.500000
vt 0.916667 0.458333
vt 0.916667 0.416667
vt 0.916667 0.375000
vt 0.916667 0.333333
vt 0.916667 0.291667
vt 0.916667 0.250000
vt 0.916667 0.208333
vt 0.916667 0.166667
vt 0.916667 0.125000
vt 0.916667 0.083333
vt 0.916667 0.041667
vt 0.916667 0.000000
vt 0.916667 1.000000
vt 0.875000 0.958333
vt 0.875000 0.916667
vt 0.875000 0.875000
vt 0.875000 0.833333
vt 0.875000 0.791667
vt 0.875000 0.750000
vt 0.875000 0.708333
vt 0.875000 0.666667
vt 0.875000 0.625000
vt 0.875000 0.583333
vt 0.875000 0.541667
vt 0.875000 0.500000
vt 0.875000 0.458333
vt 0.875000 0.416667
vt 0.875000 0.375000
vt 0.875000 0.333333
vt 0.875000 0.291667
vt 0.875000 0.250000
vt 0.875000 0.208333
vt 0.875000 0.166667
vt 0.875000 0.125000
vt 0.875000 0.083333
vt 0.875000 0.041667
vt 0.875000 0.000000
vt 0.875000 1.000000
vt 0.833333 0.958333
vt 0.833333 0.916667
vt 0.833333 0.875000
vt 0.833333 0.833333
vt 0.833333 0.791667
vt 0.833333 0.750000
vt 0.833333 0.708333
vt 0.833333 0.666667
vt 0.833333 0.625000
vt 0.833333 0.583333
vt 0.833333 0.541667
vt 0.833333 0.500000
vt 0.833333 0.458333
vt 0.833333 0.416667
vt 0.833333 0.375000
vt 0.833333 0.333333
vt 0.833333 0.291667
vt 0.833333 0.250000
vt 0.833333 0.208333
vt 0.833333 0.166667
vt 0.833333 0.125000
vt 0.833333 0.083333
vt 0.833333 0.041667
vt 0.833333 0.000000
vt 0.833333 1.000000
vt 0.791667 0.958333
vt 0.791667 0.916667
vt 0.791667 0.875000
vt 0.791667 0.833333
vt 0.791667 0.791667
vt 0.791667 0.750000
vt 0.791667 0.708333
vt 0.791667 0.666667
vt 0.791667 0.625000
vt 0.791667 0.583333
vt 0.791667 0.541667
vt 0.791667 0.500000
vt 0.791667 0.458333
vt 0.791667 0.416667
vt 0.791667 0.375000
vt 0.791667 0.333333
vt 0.791667 0.291667
vt 0.791667 0.250000
vt 0.791667 0.208333
vt 0.791667 0.166667
vt 0.791667 0.125000
vt 0.791667 0.083333
vt 0.791667 0.041667
vt 0.791667 0.000000
vt 0.791667 1.000000
vt 0.750000 0.958333
vt 0.750000 0.916667
vt 0.750000 0.875000
vt 0.750000 0.833333
vt 0.750000 0.791667
vt 0.750000 0.750000
vt 0.750000 0.708333
vt 0.750000 0.666667
vt 0.750000 0.625000
vt 0.750000 0.583333
vt 0.750000 0.541667
vt 0.750000 0.500000
vt 0.750000 0.458333
vt 0.750000 0.416667
vt 0.750000 0.375000
vt 0.750000 0.333333
vt 0.750000 0.291667
vt 0.750000 0.250000
vt 0.750000 0.208333
vt 0.750000 0.166667
vt 0.750000 0.125000
vt 0.750000 0.083333
vt 0.750000 0.041667
vt 0.750000 0.000000
vt 0.750000 1.000000
vt 0.708333 0.958333
vt 0.708333 0.916667
vt 0.708333 0.875000
vt 0.708333 0.833333
vt 0.708333 0.791667
vt 0.708333 0.750000
vt 0.708333 0.708333
vt 0.708333 0.666667
vt 0.708333 0.625000
vt 0.708333 0.583333
vt 0.708333 0.541667
vt 0.708333 0.500000
vt 0.708333 0.458333
vt 0.708333 0.416667
vt 0.708333 0.375000
vt 0.708333 0.333333
vt 0.708333 0.291667
vt 0.708333 0.250000
vt 0.708333 0.208333
vt 0.708333 0.166667
vt 0.708333 0.125000
vt 0.708333 0.083333
vt 0.708333 0.041667
vt 0.708333 0.000000
vt 0.708333 1.000000
vt 0.666667 0.958333
vt 0.666667 0.916667
vt 0.666667 0.875000
vt 0.666667 0.833333
vt 0.666667 0.791667
vt 0.666667 0.750000
vt 0.666667 0.708333
vt 0.666667 0.666667
vt 0.666667 0.625000
vt 0.666667 0.583333
vt 0.666667 0.541667
vt 0.666667 0.500000
vt 0.666667 0.458333
vt 0.666667 0.416667
vt 0.666667 0.375000
vt 0.666667 0.333333
vt 0.666667 0.291667
vt 0.666667 0.250000
vt 0.666667 0.208333
vt 0.666667 0.166667
vt 0.666667 0.125000
vt 0.666667 0.083333
vt 0.666667 0.041667
vt 0.666667 0.000000
vt 0.666667 1.000000
vt 0.625000 0.958333
vt 0.625000 0.916667
vt 0.625000 0.875000
vt 0.625000 0.833333
vt 0.625000 0.791667
vt 0.625000 0.750000
vt 0.625000 0.708333
vt 0.625000 0.666667
vt 0.625000 0.625000
vt 0.625000 0.583333
vt 0.625000 0.541667
vt 0.625000 0.500000
vt 0.625000 0.458333
vt 0.625000 0.416667
vt 0.625000 0.375000
vt 0.625000 0.333333
vt 0.625000 0.291667
vt 0.625000 0.250000
vt 0.625000 0.208333
vt 0.625000 0.166667
vt 0.625000 0.125000
vt 0.625000 0.083333
vt 0.625000 0.041667
vt 0.625000 0.000000
vt 0.625000 1.000000
vt 0.583333 0.958333
vt 0.583333 0.916667
vt 0.583333 0.875000
vt 0.583333 0.833333
vt 0.583333 0.791667
vt 0.583333 0.750000
vt 0.583333 0.708333
vt 0.583333 0.666667
vt 0.583333 0.625000
vt 0.583333 0.583333
vt 0.583333 0.541667
vt 0.583333 0.500000
vt 0.583333 0.458333
vt 0.583333 0.416667
vt 0.583333 0.375000
vt 0.583333 0.333333
vt 0.583333 0.291667
vt 0.583333 0.250000
vt 0.583333 0.208333
vt 0.583333 0.166667
vt 0.583333 0.125000
vt 0.583333 0.083333
vt 0.583333 0.041667
vt 0.583333 0.000000
vt 0.583333 1.000000
vt 0.541667 0.958333
vt 0.541667 0.916667
vt 0.541667 0.875000
vt 0.541667 0.833333
vt 0.541667 0.791667
vt 0.541667 0.750000
vt 0.541667 0.708333
vt 0.541667 0.666667
vt 0.541667 0.625000
vt 0.541667 0.583333
vt 0.541667 0.541667
vt 0.541667 0.500000
vt 0.541667 0.458333
vt 0.541667 0.416667
vt 0.541667 0.375000
vt 0.541667 0.333333
vt 0.541667 0.291667
vt 0.541667 0.250000
vt 0.541667 0.208333
vt 0.541667 0.166667
vt 0.541667 0.125000
vt 0.541667 0.083333
vt 0.541667 0.041667
vt 0.541667 0.000000
vt 0.541667 1.000000
vt 0.500000 0.958333
vt 0.500000 0.916667
vt 0.500000 0.875000
vt 0.500000 0.833333
vt 0.500000 0.791667
vt 0.500000 0.750000
vt 0.500000 0.708333
vt 0.500000 0.666667
vt 0.500000 0.625000
vt 0.500000 0.583333
vt 0.500000 0.541667
vt 0.500000 0.500000
vt 0.500000 0.458333
vt 0.500000 0.416667
vt 0.500000 0.375000
vt 0.500000 0.333333
vt 0.500000 0.291667
vt 0.500000 0.250000
vt 0.500000 0.208333
vt 0.500000 0.166667
vt 0.500000 0.125000
vt 0.500000 0.083333
vt 0.500000 0.041667
vt 0.500000 0.000000
vt 0.500000 1.000000
vt 0.458333 0.958333
vt 0.458333 0.916667
vt 0.458333 0.875000
vt 0.458333 0.833333
vt 0.458333 0.791667
vt 0.458333 0.750000
vt 0.458333 0.708333
vt 0.458333 0.666667
vt 0.458333 0.625000
vt 0.458333 0.583333
vt 0.458333 0.541667
vt 0.458333 0.500000
vt 0.458333 0.458333
vt 0.458333 0.416667
vt 0.458333 0.375000
vt 0.458333 0.333333
vt 0.458333 0.291667
vt 0.458333 0.250000
vt 0.458333 0.208333
vt 0.458333 0.166667
vt 0.458333 0.125000
vt 0.458333 0.083333
vt 0.458333 0.041667
vt 0.458333 0.000000
vt 0.458333 1.000000
vt 0.416667 0.958333
vt 0.416667 0.916667
vt 0.416667 0.875000
vt 0.416667 0.833333
vt 0.416667 0.791667
vt 0.416667 0.750000
vt 0.416667 0.708333
vt 0.416667 0.666667
vt 0.416667 0.625000
vt 0.416667 0.583333
vt 0.416667 0.541667
vt 0.416667 0.500000
vt 0.416667 0.458333
vt 0.416667 0.416667
vt 0.416667 0.375000
vt 0.416667 0.333333
vt 0.416667 0.291667
vt 0.416667 0.250000
vt 0.416667 0.208333
vt 0.416667 0.166667
vt 0.416667 0.125000
vt 0.416667 0.083333
vt 0.416667 0.041667
vt 0.416667 0.000000
vt 0.416667 1.000000
vt 0.375000 0.958333
vt 0.375000 0.916667
vt 0.375000 0.875000
vt 0.375000 0.833333
vt 0.375000 0.791667
vt 0.375000 0.750000
vt 0.375000 0.708333
vt 0.375000 0.666667
vt 0.375000 0.625000
vt 0.375000 0.583333
vt 0.375000 0.541667
vt 0.375000 0.500000
vt 0.375000 0.458333
vt 0.375000 0.416667
vt 0.375000 0.375000
vt 0.375000 0.333333
vt 0.375000 0.291667
vt 0.375000 0.250000
vt 0.375000 0.208333
vt 0.375000 0.166667
vt 0.375000 0.125000
vt 0.375000 0.083333
vt 0.375000 0.041667
vt 0.375000 0.000000
vt 0.375000 1.000000
vt 0.333333 0.958333
vt 0.333333 0.916667
vt 0.333333 0.875000
vt 0.333333 0.833333
vt 0.333333 0.791667
vt 0.333333 0.750000
vt 0.333333 0.708333
vt 0.333333 0.666667
vt 0.333333 0.625000
vt 0.333333 0.583333
vt 0.333333 0.541667
vt 0.333333 0.500000
vt 0.333333 0.458333
vt 0.333333 0.416667
vt 0.333333 0.375000
vt 0.333333 0.333333
vt 0.333333 0.291667
vt 0.333333 0.250000
vt 0.333333 0.208333
vt 0.333333 0.166667
vt 0.333333 0.125000
vt 0.333333 0.083333
vt 0.333333 0.041667
vt 0.333333 0.000000
vt 0.333333 1.000000
vt 0.291667 0.958333
vt 0.291667 0.916667
vt 0.291667 0.875000
vt 0.291667 0.833333
vt 0.291667 0.791667
vt 0.291667 0.750000
vt 0.291667 0.708333
vt 0.291667 0.666667
vt 0.291667 0.625000
vt 0.291667 0.583333
vt 0.291667 0.541667
vt 0.291667 0.500000
vt 0.291667 0.458333
vt 0.291667 0.416667
vt 0.291667 0.375000
vt 0.291667 0.333333
vt 0.291667 0.291667
vt 0.291667 0.250000
vt 0.291667 0.208333
vt 0.291667 0.166667
vt 0.291667 0.125000
vt 0.291667 0.083333
vt 0.291667 0.041667
vt 0.291667 0.000000
vt 0.291667 1.000000
vt 0.250000 0.958333
vt 0.250000 0.916667
vt 0.250000 0.875000
vt 0.250000 0.833333
vt 0.250000 0.791667
vt 0.250000 0.750000
vt 0.250000 0.708333
vt 0.250000 0.666667
vt 0.250000 0.625000
vt 0.250000 0.583333
vt 0.250000 0.541667
vt 0.250000 0.500000
vt 0.250000 0.458333
vt 0.250000 0.416667
vt 0.250000 0.375000
vt 0.250000 0.333333
vt 0.250000 0.291667
vt 0.250000 0.250000
vt 0.250000 0.208333
vt 0.250000 0.166667
vt 0.250000 0.125000
vt 0.250000 0.083333
vt 0.250000 0.041667
vt 0.250000 0.000000
vt 0.250000 1.000000
vt 0.208333 0.958333
vt 0.208333 0.916667
vt 0.208333 0.875000
vt 0.208333 0.833333
vt 0.208333 0.791667
vt 0.208333 0.750000
vt 0.208333 0.708333
vt 0.208333 0.666667
vt 0.208333 0.625000
vt 0.208333 0.583333
vt 0.208333 0.541667
vt 0.208333 0.500000
vt 0.208333 0.458333
vt 0.208333 0.416667
vt 0.208333 0.375000
vt 0.208333 0.333333
vt 0.208333 0.291667
vt 0.208333 0.250000
vt 0.208333 0.208333
vt 0.208333 0.166667
vt 0.208333 0.125000
vt 0.208333 0.083333
vt 0.208333 0.041667
vt 0.208333 0.000000
vt 0.208333 1.000000
vt 0.166667 0.958333
vt 0.166667 0.916667
vt 0.166667 0.875000
vt 0.166667 0.833333
vt 0.166667 0.791667
vt 0.166667 0.750000
vt 0.166667 0.708333
vt 0.166667 0.666667
vt 0.166667 0.625000
vt 0.166667 0.583333
vt 0.166667 0.541667
vt 0.166667 0.500000
vt 0.166667 0.458333
vt 0.166667 0.416667
vt 0.166667 0.375000
vt 0.166667 0.333333
vt 0.166667 0.291667
vt 0.166667 0.250000
vt 0.166667 0.208333
vt 0.166667 0.166667
vt 0.166667 0.125000
vt 0.166667 0.083333
vt 0.166667 0.041667
vt 0.166667 0.000000
vt 0.166667 1.000000
vt 0.125000 0.958333
vt 0.125000 0.916667
vt 0.125000 0.875000
vt 0.125000 0.833333
vt 0.125000 0.791667
vt 0.125000 0.750000
vt 0.125000 0.708333
vt 0.125000 0.666667
vt 0.125000 0.625000
vt 0.125000 0.583333
vt 0.125000 0.541667
vt 0.125000 0.500000
vt 0.125000 0.458333
vt 0.125000 0.416667
vt 0.125000 0.375000
vt 0.125000 0.333333
vt 0.125000 0.291667
vt 0.125000 0.250000
vt 0.125000 0.208333
vt 0.125000 0.166667
vt 0.125000 0.125000
vt 0.125000 0.083333
vt 0.125000 0.041667
vt 0.125000 0.000000
vt 0.125000 1.000000
vt 0.083333 0.958333
vt 0.083333 0.916667
vt 0.083333 0.875000
vt 0.083333 0.833333
vt 0.083333 0.791667
vt 0.083333 0.750000
vt 0.083333 0.708333
vt 0.083333 0.666667
vt 0.083333 0.625000
vt 0.083333 0.583333
vt 0.083333 0.541667
vt 0.083333 0.500000
vt 0.083333 0.458333
vt 0.083333 0.416667
vt 0.083333 0.375000
vt 0.083333 0.333333
vt 0.083333 0.291667
vt 0.083333 0.250000
vt 0.083333 0.208333
vt 0.083333 0.166667
vt 0.083333 0.125000
vt 0.083333 0.083333
vt 0.083333 0.041667
vt 0.083333 0.000000
vt 0.083333 1.000000
vt 0.041667 0.958333
vt 0.041667 0.916667
vt 0.041667 0.875000
vt 0.041667 0.833333
vt 0.041667 0.791667
vt 0.041667 0.750000
vt 0.041667 0.708333
vt 0.041667 0.666667
vt 0.041667 0.625000
vt 0.041667 0.583333
vt 0.041667 0.541667
vt 0.041667 0.500000
vt 0.041667 0.458333
vt 0.041667 0.416667
vt 0.041667 0.375000
vt 0.041667 0.333333
vt 0.041667 0.291667
vt 0.041667 0.250000
vt 0.041667 0.208333
vt 0.041667 0.166667
vt 0.041667 0.125000
vt 0.041667 0.083333
vt 0.041667 0.041667
vt 0.041667 0.000000
vt 0.041667 1.000000
vt 0.000000 0.958333
vt 0.000000 0.916667
vt 0.000000 0.875000
vt 0.000000 0.833333
vt 0.000000 0.791667
vt 0.000000 0.750000
vt 0.000000 0.708333
vt 0.000000 0.666667
vt 0.000000 0.625000
vt 0.000000 0.583333
vt 0.000000 0.541667
vt 0.000000 0.500000
vt 0.000000 0.458333
vt 0.000000 0.416667
vt 0.000000 0.375000
vt 0.000000 0.333333
vt 0.000000 0.291667
vt 0.000000 0.250000
vt 0.000000 0.208333
vt 0.000000 0.166667
vt 0.000000 0.125000
vt 0.000000 0.083333
vt 0.000000 0.041667
vt 0.000000 0.000000
vn 0.000000 1.000000 0.000000
vn 0.125500 0.991600 0.030700
vn 0.129800 0.991500 0.000000
vn 0.249900 0.966300 0.061200
vn 0.258600 0.966000 -0.000000
vn 0.370000 0.924600 0.090800
vn 0.382600 0.923900 0.000000
vn 0.482900 0.867600 0.118800
vn 0.499200 0.866500 -0.000000
vn 0.588600 0.795300 0.145000
vn 0.608100 0.793900 -0.000000
vn 0.684500 0.709200 0.168800
vn 0.706700 0.707500 -0.000000
vn 0.768700 0.610800 0.189700
vn 0.793300 0.608800 -0.000000
vn 0.839700 0.502000 0.207200
vn 0.866200 0.499700 -0.000000
vn 0.896300 0.384500 0.221100
vn 0.923800 0.382800 -0.000000
vn 0.937400 0.260100 0.231400
vn 0.965900 0.259100 -0.000000
vn 0.962400 0.131300 0.237700
vn 0.991400 0.130700 0.000000
vn 0.970800 0.000000 0.239700
vn 1.000000 0.000000 0.000000
vn 0.962400 -0.131300 0.237700
vn 0.991400 -0.130700 -0.000000
vn 0.937400 -0.260200 0.231400
vn 0.965900 -0.259000 -0.000000
vn 0.896300 -0.384500 0.221100
vn 0.923800 -0.382800 -0.000000
vn 0.839700 -0.502000 0.207200
vn 0.866200 -0.499700 -0.000000
vn 0.768700 -0.610800 0.189700
vn 0.793300 -0.608800 -0.000000
vn 0.684500 -0.709200 0.168800
vn 0.706700 -0.707500 -0.000000
vn 0.588600 -0.795300 0.145000
vn 0.608100 -0.793900 -0.000000
vn 0.482900 -0.867600 0.118800
vn 0.499200 -0.866500 -0.000000
vn 0.370000 -0.924600 0.090800
vn 0.382600 -0.923900 0.000000
vn 0.249900 -0.966300 0.061200
vn 0.258600 -0.966000 -0.000000
vn 0.125500 -0.991600 0.030700
vn 0.129800 -0.991500 0.000000
vn 0.000000 -1.000000 0.000000
vn 0.112700 0.991900 0.059400
vn 0.224400 0.967300 0.118600
vn 0.332600 0.926500 0.176100
vn 0.434800 0.870500 0.230500
vn 0.530600 0.799500 0.281600
vn 0.618200 0.714200 0.328300
vn 0.695400 0.616300 0.369600
vn 0.760700 0.507500 0.404600
vn 0.813200 0.389200 0.432700
vn 0.851500 0.263600 0.453200
vn 0.874900 0.133300 0.465600
vn 0.882800 -0.000000 0.469800
vn 0.874900 -0.133300 0.465600
vn 0.851500 -0.263600 0.453200
vn 0.813200 -0.389200 0.432700
vn 0.760700 -0.507500 0.404600
vn 0.695400 -0.616300 0.369600
vn 0.618200 -0.714200 0.328300
vn 0.530600 -0.799500 0.281600
vn 0.434800 -0.870500 0.230500
vn 0.332600 -0.926500 0.176100
vn 0.224400 -0.967300 0.118600
vn 0.112700 -0.991900 0.059400
vn 0.092300 0.992200 0.084200
vn 0.183700 0.968500 0.168300
vn 0.272500 0.929100 0.250000
vn 0.356900 0.874700 0.327800
vn 0.436600 0.805300 0.401200
vn 0.509900 0.721200 0.469000
vn 0.574900 0.624000 0.529200
vn 0.630500 0.515100 0.580700
vn 0.675300 0.396000 0.622200
vn 0.708300 0.268700 0.652800
vn 0.728400 0.135800 0.671500
vn 0.735200 -0.000000 0.677900
vn 0.728400 -0.135800 0.671500
vn 0.708300 -0.268600 0.652800
vn 0.675300 -0.395900 0.622200
vn 0.630500 -0.515100 0.580700
vn 0.574900 -0.624000 0.529200
vn 0.509900 -0.721200 0.469000
vn 0.436600 -0.805300 0.401200
vn 0.356900 -0.874700 0.327800
vn 0.272500 -0.929100 0.250000
vn 0.183700 -0.968500 0.168300
vn 0.092300 -0.992200 0.084200
vn 0.065500 0.992500 0.103400
vn 0.130200 0.969700 0.206600
vn 0.193400 0.931700 0.307400
vn 0.253800 0.879000 0.403600
vn 0.311100 0.811200 0.495200
vn 0.364300 0.728400 0.580300
vn 0.411900 0.632000 0.656500
vn 0.452800 0.523100 0.722000
vn 0.486100 0.403000 0.775500
vn 0.510600 0.273800 0.815100
vn 0.525500 0.138900 0.839400
vn 0.530600 0.000000 0.847600
vn 0.525500 -0.138800 0.839400
vn 0.510600 -0.273800 0.815100
vn 0.486100 -0.403000 0.775500
vn 0.452800 -0.523100 0.722000
vn 0.411800 -0.632000 0.656400
vn 0.364200 -0.728500 0.580200
vn 0.311100 -0.811200 0.495200
vn 0.253800 -0.879000 0.403600
vn 0.193400 -0.931700 0.307400
vn 0.130200 -0.969700 0.206600
vn 0.065500 -0.992500 0.103400
vn 0.034000 0.992700 0.115700
vn 0.067500 0.970600 0.231100
vn 0.100200 0.933700 0.343800
vn 0.131800 0.882300 0.451900
vn 0.162000 0.815600 0.555500
vn 0.190100 0.734000 0.652100
vn 0.215300 0.638100 0.739300
vn 0.237000 0.529000 0.814900
vn 0.254700 0.408300 0.876600
vn 0.268000 0.278000 0.922400
vn 0.276200 0.140800 0.950700
vn 0.278900 0.000000 0.960300
vn 0.276200 -0.140800 0.950700
vn 0.268000 -0.277900 0.922500
vn 0.254700 -0.408300 0.876600
vn 0.237000 -0.528900 0.814900
vn 0.215300 -0.638100 0.739300
vn 0.190100 -0.734000 0.652100
vn 0.162000 -0.815600 0.555500
vn 0.131800 -0.882300 0.451900
vn 0.100200 -0.933700 0.343800
vn 0.067500 -0.970600 0.231100
vn 0.034000 -0.992700 0.115700
vn -0.000100 0.992800 0.119900
vn -0.000100 0.970900 0.239400
vn -0.000100 0.934400 0.356200
vn -0.000100 0.883500 0.468500
vn -0.000100 0.817200 0.576300
vn -0.000000 0.736100 0.676900
vn -0.000000 0.640300 0.768200
vn -0.000000 0.530900 0.847500
vn -0.000000 0.410300 0.911900
vn -0.000000 0.279600 0.960100
vn -0.000000 0.141700 0.989900
vn 0.000000 -0.000000 1.000000
vn -0.000000 -0.141700 0.989900
vn -0.000000 -0.279600 0.960100
vn -0.000000 -0.410400 0.911900
vn -0.000000 -0.530900 0.847400
vn -0.000000 -0.640300 0.768200
vn -0.000000 -0.736100 0.676900
vn -0.000100 -0.817200 0.576300
vn -0.000100 -0.883500 0.468500
vn -0.000100 -0.934400 0.356200
vn -0.000100 -0.970900 0.239400
vn -0.000100 -0.992800 0.119900
vn -0.034100 0.992700 0.115700
vn -0.067600 0.970600 0.231000
vn -0.100300 0.933700 0.343800
vn -0.131900 0.882300 0.451900
vn -0.162100 0.815600 0.555500
vn -0.190200 0.734000 0.652000
vn -0.215400 0.638100 0.739200
vn -0.237000 0.528900 0.814900
vn -0.254700 0.408300 0.876600
vn -0.268000 0.277900 0.922500
vn -0.276200 0.140800 0.950700
vn -0.278900 0.000000 0.960300
vn -0.276200 -0.140800 0.950700
vn -0.268000 -0.278000 0.922500
vn -0.254700 -0.408300 0.876600
vn -0.237000 -0.528900 0.814900
vn -0.215400 -0.638100 0.739200
vn -0.190200 -0.734000 0.652000
vn -0.162100 -0.815600 0.555500
vn -0.131900 -0.882300 0.451900
vn -0.100300 -0.933700 0.343800
vn -0.067600 -0.970600 0.231000
vn -0.034100 -0.992700 0.115700
vn -0.065500 0.992500 0.103400
vn -0.130300 0.969700 0.206600
vn -0.193400 0.931700 0.307300
vn -0.253800 0.879000 0.403600
vn -0.311200 0.811200 0.495200
vn -0.364300 0.728400 0.580200
vn -0.411900 0.632000 0.656400
vn -0.452800 0.523100 0.722000
vn -0.486100 0.402900 0.775500
vn -0.510600 0.273800 0.815100
vn -0.525500 0.138800 0.839400
vn -0.530600 0.000000 0.847600
vn -0.525500 -0.138800 0.839400
vn -0.510600 -0.273800 0.815100
vn -0.486100 -0.403000 0.775500
vn -0.452800 -0.523100 0.722000
vn -0.411900 -0.632000 0.656400
vn -0.364300 -0.728400 0.580200
vn -0.311200 -0.811200 0.495200
vn -0.253800 -0.879000 0.403600
vn -0.193400 -0.931700 0.307400
vn -0.130300 -0.969700 0.206600
vn -0.065600 -0.992500 0.103400
vn -0.092300 0.992200 0.084200
vn -0.183700 0.968500 0.168300
vn -0.272500 0.929100 0.250000
vn -0.357000 0.874700 0.327800
vn -0.436600 0.805300 0.401200
vn -0.509900 0.721200 0.468900
vn -0.575000 0.624000 0.529200
vn -0.630500 0.515100 0.580700
vn -0.675300 0.396000 0.622200
vn -0.708300 0.268700 0.652800
vn -0.728400 0.135800 0.671500
vn -0.735200 0.000000 0.677900
vn -0.728400 -0.135800 0.671500
vn -0.708300 -0.268700 0.652800
vn -0.675300 -0.395900 0.622200
vn -0.630500 -0.515100 0.580700
vn -0.575000 -0.624000 0.529200
vn -0.509900 -0.721200 0.468900
vn -0.436600 -0.805300 0.401200
vn -0.357000 -0.874700 0.327800
vn -0.272500 -0.929100 0.250000
vn -0.183700 -0.968500 0.168300
vn -0.092300 -0.992200 0.084200
vn -0.112700 0.991900 0.059400
vn -0.224400 0.967300 0.118700
vn -0.332600 0.926500 0.176100
vn -0.434800 0.870500 0.230500
vn -0.530600 0.799500 0.281600
vn -0.618200 0.714200 0.328400
vn -0.695400 0.616300 0.369600
vn -0.760700 0.507500 0.404600
vn -0.813200 0.389200 0.432700
vn -0.851500 0.263500 0.453200
vn -0.874900 0.133300 0.465600
vn -0.882800 -0.000000 0.469800
vn -0.874900 -0.133200 0.465700
vn -0.851500 -0.263500 0.453200
vn -0.813200 -0.389200 0.432700
vn -0.760700 -0.507500 0.404600
vn -0.695400 -0.616300 0.369600
vn -0.618200 -0.714200 0.328400
vn -0.530600 -0.799500 0.281600
vn -0.434800 -0.870500 0.230500
vn -0.332600 -0.926500 0.176100
vn -0.224400 -0.967300 0.118700
vn -0.112600 -0.991900 0.059400
vn -0.125500 0.991600 0.030800
vn -0.249900 0.966300 0.061300
vn -0.369900 0.924600 0.090900
vn -0.482900 0.867600 0.118800
vn -0.588600 0.795300 0.145000
vn -0.684500 0.709200 0.168800
vn -0.768700 0.610800 0.189700
vn -0.839700 0.502000 0.207200
vn -0.896300 0.384500 0.221100
vn -0.937500 0.260100 0.231400
vn -0.962400 0.131300 0.237700
vn -0.970800 0.000000 0.239700
vn -0.962400 -0.131300 0.237700
vn -0.937400 -0.260200 0.231400
vn -0.896300 -0.384500 0.221100
vn -0.839700 -0.502000 0.207200
vn -0.768700 -0.610800 0.189700
vn -0.684500 -0.709200 0.168800
vn -0.588600 -0.795300 0.145100
vn -0.482900 -0.867600 0.118800
vn -0.369900 -0.924600 0.090900
vn -0.249900 -0.966300 0.061300
vn -0.125500 -0.991600 0.030800
vn -0.129800 0.991500 0.000100
vn -0.258600 0.966000 0.000100
vn -0.382600 0.923900 0.000000
vn -0.499200 0.866500 0.000000
vn -0.608100 0.793900 0.000000
vn -0.706700 0.707500 0.000000
vn -0.793300 0.608800 0.000000
vn -0.866200 0.499700 0.000000
vn -0.923800 0.382800 0.000000
vn -0.965900 0.259000 0.000000
vn -0.991400 0.130700 0.000000
vn -1.000000 0.000000 -0.000000
vn -0.991400 -0.130700 0.000000
vn -0.965900 -0.259000 0.000000
vn -0.923800 -0.382800 0.000000
vn -0.866200 -0.499700 0.000000
vn -0.793400 -0.608800 0.000000
vn -0.706700 -0.707500 0.000000
vn -0.608100 -0.793900 0.000000
vn -0.499200 -0.866500 0.000000
vn -0.382600 -0.923900 0.000000
vn -0.258600 -0.966000 0.000100
vn -0.129800 -0.991500 0.000100
vn -0.125500 0.991600 -0.030700
vn -0.249900 0.966300 -0.061200
vn -0.370000 0.924600 -0.090800
vn -0.482900 0.867600 -0.118800
vn -0.588600 0.795300 -0.145000
vn -0.684500 0.709200 -0.168800
vn -0.768700 0.610800 -0.189700
vn -0.839700 0.502000 -0.207200
vn -0.896300 0.384500 -0.221100
vn -0.937400 0.260100 -0.231400
vn -0.962400 0.131300 -0.237700
vn -0.970800 0.000000 -0.239700
vn -0.962400 -0.131300 -0.237700
vn -0.937400 -0.260200 -0.231400
vn -0.896300 -0.384500 -0.221100
vn -0.839700 -0.502000 -0.207200
vn -0.768700 -0.610800 -0.189700
vn -0.684500 -0.709200 -0.168800
vn -0.588600 -0.795300 -0.145000
vn -0.482900 -0.867600 -0.118800
vn -0.370000 -0.924600 -0.090800
vn -0.249900 -0.966300 -0.061200
vn -0.125500 -0.991600 -0.030700
vn -0.112700 0.991900 -0.059400
vn -0.224400 0.967300 -0.118600
vn -0.332600 0.926500 -0.176100
vn -0.434800 0.870500 -0.230500
vn -0.530600 0.799500 -0.281600
vn -0.618200 0.714200 -0.328300
vn -0.695400 0.616300 -0.369600
vn -0.760700 0.507500 -0.404600
vn -0.813200 0.389200 -0.432700
vn -0.851500 0.263600 -0.453200
vn -0.874900 0.133300 -0.465600
vn -0.882800 -0.000000 -0.469800
vn -0.874900 -0.133300 -0.465600
vn -0.851500 -0.263600 -0.453200
vn -0.813200 -0.389200 -0.432700
vn -0.760700 -0.507500 -0.404600
vn -0.695400 -0.616300 -0.369600
vn -0.618200 -0.714200 -0.328300
vn -0.530600 -0.799500 -0.281600
vn -0.434800 -0.870500 -0.230500
vn -0.332600 -0.926500 -0.176100
vn -0.224400 -0.967300 -0.118600
vn -0.112700 -0.991900 -0.059400
vn -0.092300 0.992200 -0.084200
vn -0.183700 0.968500 -0.168300
vn -0.272500 0.929100 -0.250000
vn -0.356900 0.874700 -0.327800
vn -0.436600 0.805300 -0.401200
vn -0.509900 0.721200 -0.469000
vn -0.574900 0.624000 -0.529200
vn -0.630500 0.515100 -0.580700
vn -0.675300 0.396000 -0.622200
vn -0.708300 0.268700 -0.652800
vn -0.728400 0.135800 -0.671500
vn -0.735200 -0.000000 -0.677900
vn -0.728400 -0.135800 -0.671500
vn -0.708300 -0.268600 -0.652800
vn -0.675300 -0.395900 -0.622200
vn -0.630500 -0.515100 -0.580700
vn -0.574900 -0.624000 -0.529200
vn -0.509900 -0.721200 -0.469000
vn -0.436600 -0.805300 -0.401200
vn -0.356900 -0.874700 -0.327800
vn -0.272500 -0.929100 -0.250000
vn -0.183700 -0.968500 -0.168300
vn -0.092300 -0.992200 -0.084200
vn -0.065500 0.992500 -0.103400
vn -0.130200 0.969700 -0.206600
vn -0.193400 0.931700 -0.307400
vn -0.253800 0.879000 -0.403600
vn -0.311100 0.811200 -0.495200
vn -0.364300 0.728400 -0.580300
vn -0.411900 0.632000 -0.656500
vn -0.452800 0.523100 -0.722000
vn -0.486100 0.403000 -0.775500
vn -0.510600 0.273800 -0.815100
vn -0.525500 0.138900 -0.839400
vn -0.530600 0.000000 -0.847600
vn -0.525500 -0.138800 -0.839400
vn -0.510600 -0.273800 -0.815100
vn -0.486100 -0.403000 -0.775500
vn -0.452800 -0.523100 -0.722000
vn -0.411800 -0.632000 -0.656400
vn -0.364200 -0.728500 -0.580200
vn -0.311100 -0.811200 -0.495200
vn -0.253800 -0.879000 -0.403600
vn -0.193400 -0.931700 -0.307400
vn -0.130200 -0.969700 -0.206600
vn -0.065500 -0.992500 -0.103400
vn -0.034000 0.992700 -0.115700
vn -0.067500 0.970600 -0.231100
vn -0.100200 0.933700 -0.343800
vn -0.131800 0.882300 -0.451900
vn -0.162000 0.815600 -0.555500
vn -0.190100 0.734000 -0.652100
vn -0.215300 0.638100 -0.739300
vn -0.237000 0.529000 -0.814900
vn -0.254700 0.408300 -0.876600
vn -0.268000 0.278000 -0.922400
vn -0.276200 0.140800 -0.950700
vn -0.278900 0.000000 -0.960300
vn -0.276200 -0.140800 -0.950700
vn -0.268000 -0.277900 -0.922500
vn -0.254700 -0.408300 -0.876600
vn -0.237000 -0.528900 -0.814900
vn -0.215300 -0.638100 -0.739300
vn -0.190100 -0.734000 -0.652100
vn -0.162000 -0.815600 -0.555500
vn -0.131800 -0.882300 -0.451900
vn -0.100200 -0.933700 -0.343800
vn -0.067500 -0.970600 -0.231100
vn -0.034000 -0.992700 -0.115700
vn 0.000100 0.992800 -0.119900
vn 0.000100 0.970900 -0.239400
vn 0.000100 0.934400 -0.356200
vn 0.000100 0.883500 -0.468500
vn 0.000100 0.817200 -0.576300
vn 0.000000 0.736100 -0.676900
vn 0.000000 0.640300 -0.768200
vn 0.000000 0.530900 -0.847500
vn 0.000000 0.410300 -0.911900
vn 0.000000 0.279600 -0.960100
vn 0.000000 0.141700 -0.989900
vn 0.000000 -0.000000 -1.000000
vn 0.000000 -0.141700 -0.989900
vn 0.000000 -0.279600 -0.960100
vn 0.000000 -0.410400 -0.911900
vn 0.000000 -0.530900 -0.847400
vn 0.000000 -0.640300 -0.768200
vn 0.000000 -0.736100 -0.676900
vn 0.000100 -0.817200 -0.576300
vn 0.000100 -0.883500 -0.468500
vn 0.000100 -0.934400 -0.356200
vn 0.000100 -0.970900 -0.239400
vn 0.000100 -0.992800 -0.119900
vn 0.034100 0.992700 -0.115700
vn 0.067600 0.970600 -0.231000
vn 0.100300 0.933700 -0.343800
vn 0.131900 0.882300 -0.451900
vn 0.162100 0.815600 -0.555500
vn 0.190200 0.734000 -0.652000
vn 0.215400 0.638100 -0.739200
vn 0.237000 0.528900 -0.814900
vn 0.254700 0.408300 -0.876600
vn 0.268000 0.277900 -0.922500
vn 0.276200 0.140800 -0.950700
vn 0.278900 0.000000 -0.960300
vn 0.276200 -0.140800 -0.950700
vn 0.268000 -0.278000 -0.922500
vn 0.254700 -0.408300 -0.876600
vn 0.237000 -0.528900 -0.814900
vn 0.215400 -0.638100 -0.739200
vn 0.190200 -0.734000 -0.652000
vn 0.162100 -0.815600 -0.555500
vn 0.131900 -0.882300 -0.451900
vn 0.100300 -0.933700 -0.343800
vn 0.067600 -0.970600 -0.231000
vn 0.034100 -0.992700 -0.115700
vn 0.065500 0.992500 -0.103400
vn 0.130300 0.969700 -0.206600
vn 0.193400 0.931700 -0.307300
vn 0.253800 0.879000 -0.403600
vn 0.311200 0.811200 -0.495200
vn 0.364300 0.728400 -0.580200
vn 0.411900 0.632000 -0.656400
vn 0.452800 0.523100 -0.722000
vn 0.486100 0.402900 -0.775500
vn 0.510600 0.273800 -0.815100
vn 0.525500 0.138800 -0.839400
vn 0.530600 0.000000 -0.847600
vn 0.525500 -0.138800 -0.839400
vn 0.510600 -0.273800 -0.815100
vn 0.486100 -0.403000 -0.775500
vn 0.452800 -0.523100 -0.722000
vn 0.411900 -0.632000 -0.656400
vn 0.364300 -0.728400 -0.580200
vn 0.311200 -0.811200 -0.495200
vn 0.253800 -0.879000 -0.403600
vn 0.193400 -0.931700 -0.307400
vn 0.130300 -0.969700 -0.206600
vn 0.065600 -0.992500 -0.103400
vn 0.092300 0.992200 -0.084200
vn 0.183700 0.968500 -0.168300
vn 0.272500 0.929100 -0.250000
vn 0.357000 0.874700 -0.327800
vn 0.436600 0.805300 -0.401200
vn 0.509900 0.721200 -0.468900
vn 0.575000 0.624000 -0.529200
vn 0.630500 0.515100 -0.580700
vn 0.675300 0.396000 -0.622200
vn 0.708300 0.268700 -0.652800
vn 0.728400 0.135800 -0.671500
vn 0.735200 0.000000 -0.677900
vn 0.728400 -0.135800 -0.671500
vn 0.708300 -0.268700 -0.652800
vn 0.675300 -0.395900 -0.622200
vn 0.630500 -0.515100 -0.580700
vn 0.575000 -0.624000 -0.529200
vn 0.509900 -0.721200 -0.468900
vn 0.436600 -0.805300 -0.401200
vn 0.357000 -0.874700 -0.327800
vn 0.272500 -0.929100 -0.250000
vn 0.183700 -0.968500 -0.168300
vn 0.092300 -0.992200 -0.084200
vn 0.112700 0.991900 -0.059400
vn 0.224400 0.967300 -0.118700
vn 0.332600 0.926500 -0.176100
vn 0.434800 0.870500 -0.230500
vn 0.530600 0.799500 -0.281600
vn 0.618200 0.714200 -0.328400
vn 0.695400 0.616300 -0.369600
vn 0.760700 0.507500 -0.404600
vn 0.813200 0.389200 -0.432700
vn 0.851500 0.263500 -0.453200
vn 0.874900 0.133300 -0.465600
vn 0.882800 -0.000000 -0.469800
vn 0.874900 -0.133200 -0.465700
vn 0.851500 -0.263500 -0.453200
vn 0.813200 -0.389200 -0.432700
vn 0.760700 -0.507500 -0.404600
vn 0.695400 -0.616300 -0.369600
vn 0.618200 -0.714200 -0.328400
vn 0.530600 -0.799500 -0.281600
vn 0.434800 -0.870500 -0.230500
vn 0.332600 -0.926500 -0.176100
vn 0.224400 -0.967300 -0.118700
vn 0.112600 -0.991900 -0.059400
vn 0.125500 0.991600 -0.030800
vn 0.249900 0.966300 -0.061300
vn 0.369900 0.924600 -0.090900
vn 0.482900 0.867600 -0.118800
vn 0.588600 0.795300 -0.145000
vn 0.684500 0.709200 -0.168800
vn 0.768700 0.610800 -0.189700
vn 0.839700 0.502000 -0.207200
vn 0.896300 0.384500 -0.221100
vn 0.937500 0.260100 -0.231400
vn 0.962400 0.131300 -0.237700
vn 0.970800 0.000000 -0.239700
vn 0.962400 -0.131300 -0.237700
vn 0.937400 -0.260200 -0.231400
vn 0.896300 -0.384500 -0.221100
vn 0.839700 -0.502000 -0.207200
vn 0.768700 -0.610800 -0.189700
vn 0.684500 -0.709200 -0.168800
vn 0.588600 -0.795300 -0.145100
vn 0.482900 -0.867600 -0.118800
vn 0.369900 -0.924600 -0.090900
vn 0.249900 -0.966300 -0.061300
vn 0.125500 -0.991600 -0.030800
usemtl b0b0b0
s 1
f 15/14/2 40/15/3 16/16/4
f 16/16/4 40/15/3 41/17/5 17/18/6
f 17/18/6 41/17/5 42/19/7 18/20/8
f 18/20/8 42/19/7 43/21/9 19/22/10
f 19/22/10 43/21/9 44/23/11 20/24/12
f 20/24/12 44/23/11 45/25/13 21/26/14
f 21/26/14 45/25/13 46/27/15 22/28/16
f 22/28/16 46/27/15 47/29/17 23/30/18
f 23/30/18 47/29/17 48/31/19 24/32/20
f 24/32/20 48/31/19 49/33/21 25/34/22
f 25/34/22 49/33/21 50/35/23 26/36/24
f 26/36/24 50/35/23 51/37/25 27/38/26
f 27/38/26 51/37/25 52/39/27 28/40/28
f 28/40/28 52/39/27 53/41/29 29/42/30
f 29/42/30 53/41/29 54/43/31 30/44/32
f 30/44/32 54/43/31 55/45/33 31/46/34
f 31/46/34 55/45/33 56/47/35 32/48/36
f 32/48/36 56/47/35 57/49/37 33/50/38
f 33/50/38 57/49/37 58/51/39 34/52/40
f 34/52/40 58/51/39 59/53/41 35/54/42
f 35/54/42 59/53/41 60/55/43 36/56/44
f 36/56/44 60/55/43 61/57/45 37/58/46
f 37/58/46 61/57/45 62/59/47 38/60/48
f 38/60/48 62/59/47 39/61/49
f 15/62/2 63/63/50 40/15/3
f 40/15/3 63/63/50 64/64/51 41/17/5
f 41/17/5 64/64/51 65/65/52 42/19/7
f 42/19/7 65/65/52 66/66/53 43/21/9
f 43/21/9 66/66/53 67/67/54 44/23/11
f 44/23/11 67/67/54 68/68/55 45/25/13
f 45/25/13 68/68/55 69/69/56 46/27/15
f 46/27/15 69/69/56 70/70/57 47/29/17
f 47/29/17 70/70/57 71/71/58 48/31/19
f 48/31/19 71/71/58 72/72/59 49/33/21
f 49/33/21 72/72/59 73/73/60 50/35/23
f 50/35/23 73/73/60 74/74/61 51/37/25
f 51/37/25 74/74/61 75/75/62 52/39/27
f 52/39/27 75/75/62 76/76/63 53/41/29
f 53/41/29 76/76/63 77/77/64 54/43/31
f 54/43/31 77/77/64 78/78/65 55/45/33
f 55/45/33 78/78/65 79/79/66 56/47/35
f 56/47/35 79/79/66 80/80/67 57/49/37
f 57/49/37 80/80/67 81/81/68 58/51/39
f 58/51/39 81/81/68 82/82/69 59/53/41
f 59/53/41 82/82/69 83/83/70 60/55/43
f 60/55/43 83/83/70 84/84/71 61/57/45
f 61/57/45 84/84/71 85/85/72 62/59/47
f 62/59/47 85/85/72 39/86/49
f 15/87/2 86/88/73 63/63/50
f 63/63/50 86/88/73 87/89/74 64/64/51
f 64/64/51 87/89/74 88/90/75 65/65/52
f 65/65/52 88/90/75 89/91/76 66/66/53
f 66/66/53 89/91/76 90/92/77 67/67/54
f 67/67/54 90/92/77 91/93/78 68/68/55
f 68/68/55 91/93/78 92/94/79 69/69/56
f 69/69/56 92/94/79 93/95/80 70/70/57
f 70/70/57 93/95/80 94/96/81 71/71/58
f 71/71/58 94/96/81 95/97/82 72/72/59
f 72/72/59 95/97/82 96/98/83 73/73/60
f 73/73/60 96/98/83 97/99/84 74/74/61
f 74/74/61 97/99/84 98/100/85 75/75/62
f 75/75/62 98/100/85 99/101/86 76/76/63
f 76/76/63 99/101/86 100/102/87 77/77/64
f 77/77/64 100/102/87 101/103/88 78/78/65
f 78/78/65 101/103/88 102/104/89 79/79/66
f 79/79/66 102/104/89 103/105/90 80/80/67
f 80/80/67 103/105/90 104/106/91 81/81/68
f 81/81/68 104/106/91 105/107/92 82/82/69
f 82/82/69 105/107/92 106/108/93 83/83/70
f 83/83/70 106/108/93 107/109/94 84/84/71
f 84/84/71 107/109/94 108/110/95 85/85/72
f 85/85/72 108/110/95 39/111/49
f 15/112/2 109/113/96 86/88/73
f 86/88/73 109/113/96 110/114/97 87/89/74
f 87/89/74 110/114/97 111/115/98 88/90/75
f 88/90/75 111/115/98 112/116/99 89/91/76
f 89/91/76 112/116/99 113/117/100 90/92/77
f 90/92/77 113/117/100 114/118/101 91/93/78
f 91/93/78 114/118/101 115/119/102 92/94/79
f 92/94/79 115/119/102 116/120/103 93/95/80
f 93/95/80 116/120/103 117/121/104 94/96/81
f 94/96/81 117/121/104 118/122/105 95/97/82
f 95/97/82 118/122/105 119/123/106 96/98/83
f 96/98/83 119/123/106 120/124/107 97/99/84
f 97/99/84 120/124/107 121/125/108 98/100/85
f 98/100/85 121/125/108 122/126/109 99/101/86
f 99/101/86 122/126/109 123/127/110 100/102/87
f 100/102/87 123/127/110 124/128/111 101/103/88
f 101/103/88 124/128/111 125/129/112 102/104/89
f 102/104/89 125/129/112 126/130/113 103/105/90
f 103/105/90 126/130/113 127/131/114 104/106/91
f 104/106/91 127/131/114 128/132/115 105/107/92
f 105/107/92 128/132/115 129/133/116 106/108/93
f 106/108/93 129/133/116 130/134/117 107/109/94
f 107/109/94 130/134/117 131/135/118 108/110/95
f 108/110/95 131/135/118 39/136/49
f 15/137/2 132/138/119 109/113/96
f 109/113/96 132/138/119 133/139/120 110/114/97
f 110/114/97 133/139/120 134/140/121 111/115/98
f 111/115/98 134/140/121 135/141/122 112/116/99
f 112/116/99 135/141/122 136/142/123 113/117/100
f 113/117/100 136/142/123 137/143/124 114/118/101
f 114/118/101 137/143/124 138/144/125 115/119/102
f 115/119/102 138/144/125 139/145/126 116/120/103
f 116/120/103 139/145/126 140/146/127 117/121/104
f 117/121/104 140/146/127 141/147/128 118/122/105
f 118/122/105 141/147/128 142/148/129 119/123/106
f 119/123/106 142/148/129 143/149/130 120/124/107
f 120/124/107 143/149/130 144/150/131 121/125/108
f 121/125/108 144/150/131 145/151/132 122/126/109
f 122/126/109 145/151/132 146/152/133 123/127/110
f 123/127/110 146/152/133 147/153/134 124/128/111
f 124/128/111 147/153/134 148/154/135 125/129/112
f 125/129/112 148/154/135 149/155/136 126/130/113
f 126/130/113 149/155/136 150/156/137 127/131/114
f 127/131/114 150/156/137 151/157/138 128/132/115
f 128/132/115 151/157/138 152/158/139 129/133/116
f 129/133/116 152/158/139 153/159/140 130/134/117
f 130/134/117 153/159/140 154/160/141 131/135/118
f 131/135/118 154/160/141 39/161/49
f 15/162/2 155/163/142 132/138/119
f 132/138/119 155/163/142 156/164/143 133/139/120
f 133/139/120 156/164/143 157/165/144 134/140/121
f 134/140/121 157/165/144 158/166/145 135/141/122
f 135/141/122 158/166/145 159/167/146 136/142/123
f 136/142/123 159/167/146 160/168/147 137/143/124
f 137/143/124 160/168/147 161/169/148 138/144/125
f 138/144/125 161/169/148 162/170/149 139/145/126
f 139/145/126 162/170/149 163/171/150 140/146/127
f 140/146/127 163/171/150 164/172/151 141/147/128
f 141/147/128 164/172/151 165/173/152 142/148/129
f 142/148/129 165/173/152 166/174/153 143/149/130
f 143/149/130 166/174/153 167/175/154 144/150/131
f 144/150/131 167/175/154 168/176/155 145/151/132
f 145/151/132 168/176/155 169/177/156 146/152/133
f 146/152/133 169/177/156 170/178/157 147/153/134
f 147/153/134 170/178/157 171/179/158 148/154/135
f 148/154/135 171/179/158 172/180/159 149/155/136
f 149/155/136 172/180/159 173/181/160 150/156/137
f 150/156/137 173/181/160 174/182/161 151/157/138
f 151/157/138 174/182/161 175/183/162 152/158/139
f 152/158/139 175/183/162 176/184/163 153/159/140
f 153/159/140 176/184/163 177/185/164 154/160/141
f 154/160/141 177/185/164 39/186/49
f 15/187/2 178/188/165 155/163/142
f 155/163/142 178/188/165 179/189/166 156/164/143
f 156/164/143 179/189/166 180/190/167 157/165/144
f 157/165/144 180/190/167 181/191/168 158/166/145
f 158/166/145 181/191/168 182/192/169 159/167/146
f 159/167/146 182/192/169 183/193/170 160/168/147
f 160/168/147 183/193/170 184/194/171 161/169/148
f 161/169/148 184/194/171 185/195/172 162/170/149
f 162/170/149 185/195/172 186/196/173 163/171/150
f 163/171/150 186/196/173 187/197/174 164/172/151
f 164/172/151 187/197/174 188/198/175 165/173/152
f 165/173/152 188/198/175 189/199/176 166/174/153
f 166/174/153 189/199/176 190/200/177 167/175/154
f 167/175/154 190/200/177 191/201/178 168/176/155
f 168/176/155 191/201/178 192/202/179 169/177/156
f 169/177/156 192/202/179 193/203/180 170/178/157
f 170/178/157 193/203/180 194/204/181 171/179/158
f 171/179/158 194/204/181 195/205/182 172/180/159
f 172/180/159 195/205/182 196/206/183 173/181/160
f 173/181/160 196/206/183 197/207/184 174/182/161
f 174/182/161 197/207/184 198/208/185 175/183/162
f 175/183/162 198/208/185 199/209/186 176/184/163
f 176/184/163 199/209/186 200/210/187 177/185/164
f 177/185/164 200/210/187 39/211/49
f 15/212/2 201/213/188 178/188/165
f 178/188/165 201/213/188 202/214/189 179/189/166
f 179/189/166 202/214/189 203/215/190 180/190/167
f 180/190/167 203/215/190 204/216/191 181/191/168
f 181/191/168 204/216/191 205/217/192 182/192/169
f 182/192/169 205/217/192 206/218/193 183/193/170
f 183/193/170 206/218/193 207/219/194 184/194/171
f 184/194/171 207/219/194 208/220/195 185/195/172
f 185/195/172 208/220/195 209/221/196 186/196/173
f 186/196/173 209/221/196 210/222/197 187/197/174
f 187/197/174 210/222/197 211/223/198 188/198/175
f 188/198/175 211/223/198 212/224/199 189/199/176
f 189/199/176 212/224/199 213/225/200 190/200/177
f 190/200/177 213/225/200 214/226/201 191/201/178
f 191/201/178 214/226/201 215/227/202 192/202/179
f 192/202/179 215/227/202 216/228/203 193/203/180
f 193/203/180 216/228/203 217/229/204 194/204/181
f 194/204/181 217/229/204 218/230/205 195/205/182
f 195/205/182 218/230/205 219/231/206 196/206/183
f 196/206/183 219/231/206 220/232/207 197/207/184
f 197/207/184 220/232/207 221/233/208 198/208/185
f 198/208/185 221/233/208 222/234/209 199/209/186
f 199/209/186 222/234/209 223/235/210 200/210/187
f 200/210/187 223/235/210 39/236/49
f 15/237/2 224/238/211 201/213/188
f 201/213/188 224/238/211 225/239/212 202/214/189
f 202/214/189 225/239/212 226/240/213 203/215/190
f 203/215/190 226/240/213 227/241/214 204/216/191
f 204/216/191 227/241/214 228/242/215 205/217/192
f 205/217/192 228/242/215 229/243/216 206/218/193
f 206/218/193 229/243/216 230/244/217 207/219/194
f 207/219/194 230/244/217 231/245/218 208/220/195
f 208/220/195 231/245/218 232/246/219 209/221/196
f 209/221/196 232/246/219 233/247/220 210/222/197
f 210/222/197 233/247/220 234/248/221 211/223/198
f 211/223/198 234/248/221 235/249/222 212/224/199
f 212/224/199 235/249/222 236/250/223 213/225/200
f 213/225/200 236/250/223 237/251/224 214/226/201
f 214/226/201 237/251/224 238/252/225 215/227/202
f 215/227/202 238/252/225 239/253/226 216/228/203
f 216/228/203 239/253/226 240/254/227 217/229/204
f 217/229/204 240/254/227 241/255/228 218/230/205
f 218/230/205 241/255/228 242/256/229 219/231/206
f 219/231/206 242/256/229 243/257/230 220/232/207
f 220/232/207 243/257/230 244/258/231 221/233/208
f 221/233/208 244/258/231 245/259/232 222/234/209
f 222/234/209 245/259/232 246/260/233 223/235/210
f 223/235/210 246/260/233 39/261/49
f 15/262/2 247/263/234 224/238/211
f 224/238/211 247/263/234 248/264/235 225/239/212
f 225/239/212 248/264/235 249/265/236 226/240/213
f 226/240/213 249/265/236 250/266/237 227/241/214
f 227/241/214 250/266/237 251/267/238 228/242/215
f 228/242/215 251/267/238 252/268/239 229/243/216
f 229/243/216 252/268/239 253/269/240 230/244/217
f 230/244/217 253/269/240 254/270/241 231/245/218
f 231/245/218 254/270/241 255/271/242 232/246/219
f 232/246/219 255/271/242 256/272/243 233/247/220
f 233/247/220 256/272/243 257/273/244 234/248/221
f 234/248/221 257/273/244 258/274/245 235/249/222
f 235/249/222 258/274/245 259/275/246 236/250/223
f 236/250/223 259/275/246 260/276/247 237/251/224
f 237/251/224 260/276/247 261/277/248 238/252/225
f 238/252/225 261/277/248 262/278/249 239/253/226
f 239/253/226 262/278/249 263/279/250 240/254/227
f 240/254/227 263/279/250 264/280/251 241/255/228
f 241/255/228 264/280/251 265/281/252 242/256/229
f 242/256/229 265/281/252 266/282/253 243/257/230
f 243/257/230 266/282/253 267/283/254 244/258/231
f 244/258/231 267/283/254 268/284/255 245/259/232
f 245/259/232 268/284/255 269/285/256 246/260/233
f 246/260/233 269/285/256 39/286/49
f 15/287/2 270/288/257 247/263/234
f 247/263/234 270/288/257 271/289/258 248/264/235
f 248/264/235 271/289/258 272/290/259 249/265/236
f 249/265/236 272/290/259 273/291/260 250/266/237
f 250/266/237 273/291/260 274/292/261 251/267/238
f 251/267/238 274/292/261 275/293/262 252/268/239
f 252/268/239 275/293/262 276/294/263 253/269/240
f 253/269/240 276/294/263 277/295/264 254/270/241
f 254/270/241 277/295/264 278/296/265 255/271/242
f 255/271/242 278/296/265 279/297/266 256/272/243
f 256/272/243 279/297/266 280/298/267 257/273/244
f 257/273/244 280/298/267 281/299/268 258/274/245
f 258/274/245 281/299/268 282/300/269 259/275/246
f 259/275/246 282/300/269 283/301/270 260/276/247
f 260/276/247 283/301/270 284/302/271 261/277/248
f 261/277/248 284/302/271 285/303/272 262/278/249
f 262/278/249 285/303/272 286/304/273 263/279/250
f 263/279/250 286/304/273 287/305/274 264/280/251
f 264/280/251 287/305/274 288/306/275 265/281/252
f 265/281/252 288/306/275 289/307/276 266/282/253
f 266/282/253 289/307/276 290/308/277 267/283/254
f 267/283/254 290/308/277 291/309/278 268/284/255
f 268/284/255 291/309/278 292/310/279 269/285/256
f 269/285/256 292/310/279 39/311/49
f 15/312/2 293/313/280 270/288/257
f 270/288/257 293/313/280 294/314/281 271/289/258
f 271/289/258 294/314/281 295/315/282 272/290/259
f 272/290/259 295/315/282 296/316/283 273/291/260
f 273/291/260 296/316/283 297/317/284 274/292/261
f 274/292/261 297/317/284 298/318/285 275/293/262
f 275/293/262 298/318/285 299/319/286 276/294/263
f 276/294/263 299/319/286 300/320/287 277/295/264
f 277/295/264 300/320/287 301/321/288 278/296/265
f 278/296/265 301/321/288 302/322/289 279/297/266
f 279/297/266 302/322/289 303/323/290 280/298/267
f 280/298/267 303/323/290 304/324/291 281/299/268
f 281/299/268 304/324/291 305/325/292 282/300/269
f 282/300/269 305/325/292 306/326/293 283/301/270
f 283/301/270 306/326/293 307/327/294 284/302/271
f 284/302/271 307/327/294 308/328/295 285/303/272
f 285/303/272 308/328/295 309/329/296 286/304/273
f 286/304/273 309/329/296 310/330/297 287/305/274
f 287/305/274 310/330/297 311/331/298 288/306/275
f 288/306/275 311/331/298 312/332/299 289/307/276
f 289/307/276 312/332/299 313/333/300 290/308/277
f 290/308/277 313/333/300 314/334/301 291/309/278
f 291/309/278 314/334/301 315/335/302 292/310/279
f 292/310/279 315/335/302 39/336/49
f 15/337/2 316/338/303 293/313/280
f 293/313/280 316/338/303 317/339/304 294/314/281
f 294/314/281 317/339/304 318/340/305 295/315/282
f 295/315/282 318/340/305 319/341/306 296/316/283
f 296/316/283 319/341/306 320/342/307 297/317/284
f 297/317/284 320/342/307 321/343/308 298/318/285
f 298/318/285 321/343/308 322/344/309 299/319/286
f 299/319/286 322/344/309 323/345/310 300/320/287
f 300/320/287 323/345/310 324/346/311 301/321/288
f 301/321/288 324/346/311 325/347/312 302/322/289
f 302/322/289 325/347/312 326/348/313 303/323/290
f 303/323/290 326/348/313 327/349/314 304/324/291
f 304/324/291 327/349/314 328/350/315 305/325/292
f 305/325/292 328/350/315 329/351/316 306/326/293
f 306/326/293 329/351/316 330/352/317 307/327/294
f 307/327/294 330/352/317 331/353/318 308/328/295
f 308/328/295 331/353/318 332/354/319 309/329/296
f 309/329/296 332/354/319 333/355/320 310/330/297
f 310/330/297 333/355/320 334/356/321 311/331/298
f 311/331/298 334/356/321 335/357/322 312/332/299
f 312/332/299 335/357/322 336/358/323 313/333/300
f 313/333/300 336/358/323 337/359/324 314/334/301
f 314/334/301 337/359/324 338/360/325 315/335/302
f 315/335/302 338/360/325 39/361/49
f 15/362/2 339/363/326 316/338/303
f 316/338/303 339/363/326 340/364/327 317/339/304
f 317/339/304 340/364/327 341/365/328 318/340/305
f 318/340/305 341/365/328 342/366/329 319/341/306
f 319/341/306 342/366/329 343/367/330 320/342/307
f 320/342/307 343/367/330 344/368/331 321/343/308
f 321/343/308 344/368/331 345/369/332 322/344/309
f 322/344/309 345/369/332 346/370/333 323/345/310
f 323/345/310 346/370/333 347/371/334 324/346/311
f 324/346/311 347/371/334 348/372/335 325/347/312
f 325/347/312 348/372/335 349/373/336 326/348/313
f 326/348/313 349/373/336 350/374/337 327/349/314
f 327/349/314 350/374/337 351/375/338 328/350/315
f 328/350/315 351/375/338 352/376/339 329/351/316
f 329/351/316 352/376/339 353/377/340 330/352/317
f 330/352/317 353/377/340 354/378/341 331/353/318
f 331/353/318 354/378/341 355/379/342 332/354/319
f 332/354/319 355/379/342 356/380/343 333/355/320
f 333/355/320 356/380/343 357/381/344 334/356/321
f 334/356/321 357/381/344 358/382/345 335/357/322
f 335/357/322 358/382/345 359/383/346 336/358/323
f 336/358/323 359/383/346 360/384/347 337/359/324
f 337/359/324 360/384/347 361/385/348 338/360/325
f 338/360/325 361/385/348 39/386/49
f 15/387/2 362/388/349 339/363/326
f 339/363/326 362/388/349 363/389/350 340/364/327
f 340/364/327 363/389/350 364/390/351 341/365/328
f 341/365/328 364/390/351 365/391/352 342/366/329
f 342/366/329 365/391/352 366/392/353 343/367/330
f 343/367/330 366/392/353 367/393/354 344/368/331
f 344/368/331 367/393/354 368/394/355 345/369/332
f 345/369/332 368/394/355 369/395/356 346/370/333
f 346/370/333 369/395/356 370/396/357 347/371/334
f 347/371/334 370/396/357 371/397/358 348/372/335
f 348/372/335 371/397/358 372/398/359 349/373/336
f 349/373/336 372/398/359 373/399/360 350/374/337
f 350/374/337 373/399/360 374/400/361 351/375/338
f 351/375/338 374/400/361 375/401/362 352/376/339
f 352/376/339 375/401/362 376/402/363 353/377/340
f 353/377/340 376/402/363 377/403/364 354/378/341
f 354/378/341 377/403/364 378/404/365 355/379/342
f 355/379/342 378/404/365 379/405/366 356/380/343
f 356/380/343 379/405/366 380/406/367 357/381/344
f 357/381/344 380/406/367 381/407/368 358/382/345
f 358/382/345 381/407/368 382/408/369 359/383/346
f 359/383/346 382/408/369 383/409/370 360/384/347
f 360/384/347 383/409/370 384/410/371 361/385/348
f 361/385/348 384/410/371 39/411/49
f 15/412/2 385/413/372 362/388/349
f 362/388/349 385/413/372 386/414/373 363/389/350
f 363/389/350 386/414/373 387/415/374 364/390/351
f 364/390/351 387/415/374 388/416/375 365/391/352
f 365/391/352 388/416/375 389/417/376 366/392/353
f 366/392/353 389/417/376 390/418/377 367/393/354
f 367/393/354 390/418/377 391/419/378 368/394/355
f 368/394/355 391/419/378 392/420/379 369/395/356
f 369/395/356 392/420/379 393/421/380 370/396/357
f 370/396/357 393/421/380 394/422/381 371/397/358
f 371/397/358 394/422/381 395/423/382 372/398/359
f 372/398/359 395/423/382 396/424/383 373/399/360
f 373/399/360 396/424/383 397/425/384 374/400/361
f 374/400/361 397/425/384 398/426/385 375/401/362
f 375/401/362 398/426/385 399/427/386 376/402/363
f 376/402/363 399/427/386 400/428/387 377/403/364
f 377/403/364 400/428/387 401/429/388 378/404/365
f 378/404/365 401/429/388 402/430/389 379/405/366
f 379/405/366 402/430/389 403/431/390 380/406/367
f 380/406/367 403/431/390 404/432/391 381/407/368
f 381/407/368 404/432/391 405/433/392 382/408/369
f 382/408/369 405/433/392 406/434/393 383/409/370
f 383/409/370 406/434/393 407/435/394 384/410/371
f 384/410/371 407/435/394 39/436/49
f 15/437/2 408/438/395 385/413/372
f 385/413/372 408/438/395 409/439/396 386/414/373
f 386/414/373 409/439/396 410/440/397 387/415/374
f 387/415/374 410/440/397 411/441/398 388/416/375
f 388/416/375 411/441/398 412/442/399 389/417/376
f 389/417/376 412/442/399 413/443/400 390/418/377
f 390/418/377 413/443/400 414/444/401 391/419/378
f 391/419/378 414/444/401 415/445/402 392/420/379
f 392/420/379 415/445/402 416/446/403 393/421/380
f 393/421/380 416/446/403 417/447/404 394/422/381
f 394/422/381 417/447/404 418/448/405 395/423/382
f 395/423/382 418/448/405 419/449/406 396/424/383
f 396/424/383 419/449/406 420/450/407 397/425/384
f 397/425/384 420/450/407 421/451/408 398/426/385
f 398/426/385 421/451/408 422/452/409 399/427/386
f 399/427/386 422/452/409 423/453/410 400/428/387
f 400/428/387 423/453/410 424/454/411 401/429/388
f 401/429/388 424/454/411 425/455/412 402/430/389
f 402/430/389 425/455/412 426/456/413 403/431/390
f 403/431/390 426/456/413 427/457/414 404/432/391
f 404/432/391 427/457/414 428/458/415 405/433/392
f 405/433/392 428/458/415 429/459/416 406/434/393
f 406/434/393 429/459/416 430/460/417 407/435/394
f 407/435/394 430/460/417 39/461/49
f 15/462/2 431/463/418 408/438/395
f 408/438/395 431/463/418 432/464/419 409/439/396
f 409/439/396 432/464/419 433/465/420 410/440/397
f 410/440/397 433/465/420 434/466/421 411/441/398
f 411/441/398 434/466/421 435/467/422 412/442/399
f 412/442/399 435/467/422 436/468/423 413/443/400
f 413/443/400 436/468/423 437/469/424 414/444/401
f 414/444/401 437/469/424 438/470/425 415/445/402
f 415/445/402 438/470/425 439/471/426 416/446/403
f 416/446/403 439/471/426 440/472/427 417/447/404
f 417/447/404 440/472/427 441/473/428 418/448/405
f 418/448/405 441/473/428 442/474/429 419/449/406
f 419/449/406 442/474/429 443/475/430 420/450/407
f 420/450/407 443/475/430 444/476/431 421/451/408
f 421/451/408 444/476/431 445/477/432 422/452/409
f 422/452/409 445/477/432 446/478/433 423/453/410
f 423/453/410 446/478/433 447/479/434 424/454/411
f 424/454/411 447/479/434 448/480/435 425/455/412
f 425/455/412 448/480/435 449/481/436 426/456/413
f 426/456/413 449/481/436 450/482/437 427/457/414
f 427/457/414 450/482/437 451/483/438 428/458/415
f 428/458/415 451/483/438 452/484/439 429/459/416
f 429/459/416 452/484/439 453/485/440 430/460/417
f 430/460/417 453/485/440 39/486/49
f 15/487/2 454/488/441 431/463/418
f 431/463/418 454/488/441 455/489/442 432/464/419
f 432/464/419 455/489/442 456/490/443 433/465/420
f 433/465/420 456/490/443 457/491/444 434/466/421
f 434/466/421 457/491/444 458/492/445 435/467/422
f 435/467/422 458/492/445 459/493/446 436/468/423
f 436/468/423 459/493/446 460/494/447 437/469/424
f 437/469/424 460/494/447 461/495/448 438/470/425
f 438/470/425 461/495/448 462/496/449 439/471/426
f 439/471/426 462/496/449 463/497/450 440/472/427
f 440/472/427 463/497/450 464/498/451 441/473/428
f 441/473/428 464/498/451 465/499/452 442/474/429
f 442/474/429 465/499/452 466/500/453 443/475/430
f 443/475/430 466/500/453 467/501/454 444/476/431
f 444/476/431 467/501/454 468/502/455 445/477/432
f 445/477/432 468/502/455 469/503/456 446/478/433
f 446/478/433 469/503/456 470/504/457 447/479/434
f 447/479/434 470/504/457 471/505/458 448/480/435
f 448/480/435 471/505/458 472/506/459 449/481/436
f 449/481/436 472/506/459 473/507/460 450/482/437
f 450/482/437 473/507/460 474/508/461 451/483/438
f 451/483/438 474/508/461 475/509/462 452/484/439
f 452/484/439 475/509/462 476/510/463 453/485/440
f 453/485/440 476/510/463 39/511/49
f 15/512/2 477/513/464 454/488/441
f 454/488/441 477/513/464 478/514/465 455/489/442
f 455/489/442 478/514/465 479/515/466 456/490/443
f 456/490/443 479/515/466 480/516/467 457/491/444
f 457/491/444 480/516/467 481/517/468 458/492/445
f 458/492/445 481/517/468 482/518/469 459/493/446
f 459/493/446 482/518/469 483/519/470 460/494/447
f 460/494/447 483/519/470 484/520/471 461/495/448
f 461/495/448 484/520/471 485/521/472 462/496/449
f 462/496/449 485/521/472 486/522/473 463/497/450
f 463/497/450 486/522/473 487/523/474 464/498/451
f 464/498/451 487/523/474 488/524/475 465/499/452
f 465/499/452 488/524/475 489/525/476 466/500/453
f 466/500/453 489/525/476 490/526/477 467/501/454
f 467/501/454 490/526/477 491/527/478 468/502/455
f 468/502/455 491/527/478 492/528/479 469/503/456
f 469/503/456 492/528/479 493/529/480 470/504/457
f 470/504/457 493/529/480 494/530/481 471/505/458
f 471/505/458 494/530/481 495/531/482 472/506/459
f 472/506/459 495/531/482 496/532/483 473/507/460
f 473/507/460 496/532/483 497/533/484 474/508/461
f 474/508/461 497/533/484 498/534/485 475/509/462
f 475/509/462 498/534/485 499/535/486 476/510/463
f 476/510/463 499/535/486 39/536/49
f 15/537/2 500/538/487 477/513/464
f 477/513/464 500/538/487 501/539/488 478/514/465
f 478/514/465 501/539/488 502/540/489 479/515/466
f 479/515/466 502/540/489 503/541/490 480/516/467
f 480/516/467 503/541/490 504/542/491 481/517/468
f 481/517/468 504/542/491 505/543/492 482/518/469
f 482/518/469 505/543/492 506/544/493 483/519/470
f 483/519/470 506/544/493 507/545/494 484/520/471
f 484/520/471 507/545/494 508/546/495 485/521/472
f 485/521/472 508/546/495 509/547/496 486/522/473
f 486/522/473 509/547/496 510/548/497 487/523/474
f 487/523/474 510/548/497 511/549/498 488/524/475
f 488/524/475 511/549/498 512/550/499 489/525/476
f 489/525/476 512/550/499 513/551/500 490/526/477
f 490/526/477 513/551/500 514/552/501 491/527/478
f 491/527/478 514/552/501 515/553/502 492/528/479
f 492/528/479 515/553/502 516/554/503 493/529/480
f 493/529/480 516/554/503 517/555/504 494/530/481
f 494/530/481 517/555/504 518/556/505 495/531/482
f 495/531/482 518/556/505 519/557/506 496/532/483
f 496/532/483 519/557/506 520/558/507 497/533/484
f 497/533/484 520/558/507 521/559/508 498/534/485
f 498/534/485 521/559/508 522/560/509 499/535/486
f 499/535/486 522/560/509 39/561/49
f 15/562/2 523/563/510 500/538/487
f 500/538/487 523/563/510 524/564/511 501/539/488
f 501/539/488 524/564/511 525/565/512 502/540/489
f 502/540/489 525/565/512 526/566/513 503/541/490
f 503/541/490 526/566/513 527/567/514 504/542/491
f 504/542/491 527/567/514 528/568/515 505/543/492
f 505/543/492 528/568/515 529/569/516 506/544/493
f 506/544/493 529/569/516 530/570/517 507/545/494
f 507/545/494 530/570/517 531/571/518 508/546/495
f 508/546/495 531/571/518 532/572/519 509/547/496
f 509/547/496 532/572/519 533/573/520 510/548/497
f 510/548/497 533/573/520 534/574/521 511/549/498
f 511/549/498 534/574/521 535/575/522 512/550/499
f 512/550/499 535/575/522 536/576/523 513/551/500
f 513/551/500 536/576/523 537/577/524 514/552/501
f 514/552/501 537/577/524 538/578/525 515/553/502
f 515/553/502 538/578/525 539/579/526 516/554/503
f 516/554/503 539/579/526 540/580/527 517/555/504
f 517/555/504 540/580/527 541/581/528 518/556/505
f 518/556/505 541/581/528 542/582/529 519/557/506
f 519/557/506 542/582/529 543/583/530 520/558/507
f 520/558/507 543/583/530 544/584/531 521/559/508
f 521/559/508 544/584/531 545/585/532 522/560/509
f 522/560/509 545/585/532 39/586/49
f 15/587/2 546/588/533 523/563/510
f 523/563/510 546/588/533 547/589/534 524/564/511
f 524/564/511 547/589/534 548/590/535 525/565/512
f 525/565/512 548/590/535 549/591/536 526/566/513
f 526/566/513 549/591/536 550/592/537 527/567/514
f 527/567/514 550/592/537 551/593/538 528/568/515
f 528/568/515 551/593/538 552/594/539 529/569/516
f 529/569/516 552/594/539 553/595/540 530/570/517
f 530/570/517 553/595/540 554/596/541 531/571/518
f 531/571/518 554/596/541 555/597/542 532/572/519
f 532/572/519 555/597/542 556/598/543 533/573/520
f 533/573/520 556/598/543 557/599/544 534/574/521
f 534/574/521 557/599/544 558/600/545 535/575/522
f 535/575/522 558/600/545 559/601/546 536/576/523
f 536/576/523 559/601/546 560/602/547 537/577/524
f 537/577/524 560/602/547 561/603/548 538/578/525
f 538/578/525 561/603/548 562/604/549 539/579/526
f 539/579/526 562/604/549 563/605/550 540/580/527
f 540/580/527 563/605/550 564/606/551 541/581/528
f 541/581/528 564/606/551 565/607/552 542/582/529
f 542/582/529 565/607/552 566/608/553 543/583/530
f 543/583/530 566/608/553 567/609/554 544/584/531
f 544/584/531 567/609/554 568/610/555 545/585/532
f 545/585/532 568/610/555 39/611/49
f 15/612/2 16/613/4 546/588/533
f 546/588/533 16/613/4 17/614/6 547/589/534
f 547/589/534 17/614/6 18/615/8 548/590/535
f 548/590/535 18/615/8 19/616/10 549/591/536
f 549/591/536 19/616/10 20/617/12 550/592/537
f 550/592/537 20/617/12 21/618/14 551/593/538
f 551/593/538 21/618/14 22/619/16 552/594/539
f 552/594/539 22/619/16 23/620/18 553/595/540
f 553/595/540 23/620/18 24/621/20 554/596/541
f 554/596/541 24/621/20 25/622/22 555/597/542
f 555/597/542 25/622/22 26/623/24 556/598/543
f 556/598/543 26/623/24 27/624/26 557/599/544
f 557/599/544 27/624/26 28/625/28 558/600/545
f 558/600/545 28/625/28 29/626/30 559/601/546
f 559/601/546 29/626/30 30/627/32 560/602/547
f 560/602/547 30/627/32 31/628/34 561/603/548
f 561/603/548 31/628/34 32/629/36 562/604/549
f 562/604/549 32/629/36 33/630/38 563/605/550
f 563/605/550 33/630/38 34/631/40 564/606/551
f 564/606/551 34/631/40 35/632/42 565/607/552
f 565/607/552 35/632/42 36/633/44 566/608/553
f 566/608/553 36/633/44 37/634/46 567/609/554
f 567/609/554 37/634/46 38/635/48 568/610/555
f 568/610/555 38/635/48 39/636/49
o Beak
v 0.646183 0.167760 0.474293
v 0.055090 0.006305 0.365685
v 0.113212 -0.122067 0.335754
v 0.198657 -0.204318 0.253999
v 0.288547 -0.218425 0.142310
v 0.358784 -0.160583 0.030621
v 0.390552 -0.046317 -0.051136
v 0.375344 0.093776 -0.081070
v 0.317223 0.222148 -0.051139
v 0.231777 0.304399 0.030616
v 0.141887 0.318506 0.142305
v 0.071650 0.260664 0.253994
v 0.039882 0.146398 0.335751
v 0.215217 0.050040 0.142307
vt 0.000000 1.000000
vt 0.000000 0.000000
vt 0.083333 0.000000
vt 0.083333 1.000000
vt 0.166667 0.000000
vt 0.166667 1.000000
vt 0.250000 0.000000
vt 0.250000 1.000000
vt 0.333333 0.000000
vt 0.333333 1.000000
vt 0.416667 0.000000
vt 0.416667 1.000000
vt 0.500000 0.000000
vt 0.500000 1.000000
vt 0.583333 0.000000
vt 0.583333 1.000000
vt 0.666667 0.000000
vt 0.666667 1.000000
vt 0.750000 0.000000
vt 0.750000 1.000000
vt 0.833333 0.000000
vt 0.833333 1.000000
vt 0.916667 0.000000
vt 0.916667 1.000000
vt 1.000000 0.000000
vt 1.000000 1.000000
vn 0.687900 0.145700 0.711000
vn -0.168400 -0.046000 0.984700
vn 0.018400 -0.458600 0.888500
vn 0.293000 -0.722900 0.625700
vn 0.581900 -0.768200 0.266800
vn 0.807700 -0.582400 -0.092200
vn 0.909800 -0.215100 -0.355000
vn 0.860900 0.235100 -0.451200
vn 0.674100 0.647700 -0.355000
vn 0.399500 0.912100 -0.092200
vn 0.110600 0.957400 0.266700
vn -0.115200 0.771500 0.625700
vn -0.217300 0.404300 0.888500
vn -0.774300 -0.211500 -0.596500
usemtl ff7a00
s 1
f 569/637/556 570/638/557 571/639/558
f 569/640/556 571/639/558 572/641/559
f 569/642/556 572/641/559 573/643/560
f 569/644/556 573/643/560 574/645/561
f 569/646/556 574/645/561 575/647/562
f 569/648/556 575/647/562 576/649/563
f 569/650/556 576/649/563 577/651/564
f 569/652/556 577/651/564 578/653/565
f 569/654/556 578/653/565 579/655/566
f 569/656/556 579/655/566 580/657/567
f 569/658/556 580/657/567 581/659/568
f 569/660/556 581/659/568 570/661/557
f 571/640/569 570/637/569 582/638/569
f 572/642/569 571/640/569 582/638/569
f 573/644/569 572/642/569 582/638/569
f 574/646/569 573/644/569 582/638/569
f 575/648/569 574/646/569 582/638/569
f 576/650/569 575/648/569 582/638/569
f 577/652/569 576/650/569 582/638/569
f 578/654/569 577/652/569 582/638/569
f 579/656/569 578/654/569 582/638/569
f 580/658/569 579/656/569 582/638/569
f 581/660/569 580/658/569 582/638/569
f 570/662/569 581/660/569 582/638/569
o Eyes
v -0.014600 0.393000 0.349900
v -0.000952 0.392101 0.349900
v 0.012445 0.389447 0.349900
v 0.025382 0.385037 0.349900
v 0.037650 0.378997 0.349900
v 0.049020 0.371410 0.349900
v 0.059302 0.362402 0.349900
v 0.068310 0.352120 0.349900
v 0.075897 0.340750 0.349900
v 0.081937 0.328482 0.349900
v 0.086347 0.315545 0.349900
v 0.089001 0.302148 0.349900
v 0.089900 0.288500 0.349900
v 0.089001 0.274852 0.349900
v 0.086347 0.261455 0.349900
v 0.081937 0.248518 0.349900
v 0.075897 0.236250 0.349900
v 0.068310 0.224880 0.349900
v 0.059302 0.214598 0.349900
v 0.049020 0.205590 0.349900
v 0.037650 0.198003 0.349900
v 0.025382 0.191963 0.349900
v 0.012445 0.187553 0.349900
v -0.000952 0.184899 0.349900
v -0.014600 0.184000 0.349900
v -0.001433 0.392101 0.353432
v 0.011525 0.389447 0.356901
v 0.024023 0.385037 0.360245
v 0.035874 0.378997 0.363422
v 0.046846 0.371410 0.366369
v 0.056774 0.362402 0.369024
v 0.065489 0.352120 0.371364
v 0.072825 0.340750 0.373329
v 0.078656 0.328482 0.374896
v 0.082899 0.315545 0.376025
v 0.085469 0.302148 0.376715
v 0.086347 0.288500 0.376945
v 0.085469 0.274852 0.376715
v 0.082899 0.261455 0.376025
v 0.078656 0.248518 0.374896
v 0.072825 0.236250 0.373329
v 0.065489 0.224880 0.371364
v 0.056774 0.214598 0.369024
v 0.046846 0.205590 0.366369
v 0.035874 0.198003 0.363422
v 0.024023 0.191963 0.360245
v 0.011525 0.187553 0.356901
v -0.001433 0.184899 0.353432
v -0.002792 0.392101 0.356713
v 0.008829 0.389447 0.363422
v 0.020031 0.385037 0.369901
v 0.030648 0.378997 0.376025
v 0.040492 0.371410 0.381710
v 0.049396 0.362402 0.386851
v 0.057191 0.352120 0.391345
v 0.063775 0.340750 0.395149
v 0.069021 0.328482 0.398179
v 0.072825 0.315545 0.400374
v 0.075124 0.302148 0.401711
v 0.075897 0.288500 0.402150
v 0.075124 0.274852 0.401711
v 0.072825 0.261455 0.400374
v 0.069021 0.248518 0.398179
v 0.063775 0.236250 0.395149
v 0.057191 0.224880 0.391345
v 0.049396 0.214598 0.386851
v 0.040492 0.205590 0.381710
v 0.030648 0.198003 0.376025
v 0.020031 0.191963 0.369901
v 0.008829 0.187553 0.363422
v -0.002792 0.184899 0.356713
v -0.004965 0.392101 0.359535
v 0.004523 0.389447 0.369024
v 0.013678 0.385037 0.378178
v 0.022351 0.378997 0.386851
v 0.030377 0.371410 0.394877
v 0.037650 0.362402 0.402150
v 0.044025 0.352120 0.408525
v 0.049396 0.340750 0.413896
v 0.053659 0.328482 0.418159
v 0.056774 0.315545 0.421274
v 0.058655 0.302148 0.423155
v 0.059302 0.288500 0.423802
v 0.058655 0.274852 0.423155
v 0.056774 0.261455 0.421274
v 0.053659 0.248518 0.418159
v 0.049396 0.236250 0.413896
v 0.044025 0.224880 0.408525
v 0.037650 0.214598 0.402150
v 0.030377 0.205590 0.394877
v 0.022351 0.198003 0.386851
v 0.013678 0.191963 0.378178
v 0.004523 0.187553 0.369024
v -0.004965 0.184899 0.359535
v -0.007787 0.392101 0.361709
v -0.001078 0.389447 0.373329
v 0.005401 0.385037 0.384531
v 0.011525 0.378997 0.395149
v 0.017210 0.371410 0.404992
v 0.022351 0.362402 0.413896
v 0.026845 0.352120 0.421692
v 0.030648 0.340750 0.428275
v 0.033679 0.328482 0.433521
v 0.035874 0.315545 0.437325
v 0.037211 0.302148 0.439624
v 0.037650 0.288500 0.440397
v 0.037211 0.274852 0.439624
v 0.035874 0.261455 0.437325
v 0.033679 0.248518 0.433521
v 0.030648 0.236250 0.428275
v 0.026845 0.224880 0.421692
v 0.022351 0.214598 0.413896
v 0.017210 0.205590 0.404992
v 0.011525 0.198003 0.395149
v 0.005401 0.191963 0.384531
v -0.001078 0.187553 0.373329
v -0.007787 0.184899 0.361709
v -0.011068 0.392101 0.363067
v -0.007598 0.389447 0.376025
v -0.004255 0.385037 0.388523
v -0.001078 0.378997 0.400374
v 0.001869 0.371410 0.411346
v 0.004523 0.362402 0.421274
v 0.006864 0.352120 0.429989
v 0.008829 0.340750 0.437325
v 0.010396 0.328482 0.443156
v 0.011525 0.315545 0.447399
v 0.012215 0.302148 0.449969
v 0.012445 0.288500 0.450847
v 0.012215 0.274852 0.449969
v 0.011525 0.261455 0.447399
v 0.010396 0.248518 0.443156
v 0.008829 0.236250 0.437325
v 0.006864 0.224880 0.429989
v 0.004523 0.214598 0.421274
v 0.001869 0.205590 0.411346
v -0.001078 0.198003 0.400374
v -0.004255 0.191963 0.388523
v -0.007598 0.187553 0.376025
v -0.011068 0.184899 0.363067
v -0.014600 0.392101 0.363548
v -0.014600 0.389447 0.376945
v -0.014600 0.385037 0.389882
v -0.014600 0.378997 0.402150
v -0.014600 0.371410 0.413520
v -0.014600 0.362402 0.423802
v -0.014600 0.352120 0.432810
v -0.014600 0.340750 0.440397
v -0.014600 0.328482 0.446437
v -0.014600 0.315545 0.450847
v -0.014600 0.302148 0.453501
v -0.014600 0.288500 0.454400
v -0.014600 0.274852 0.453501
v -0.014600 0.261455 0.450847
v -0.014600 0.248518 0.446437
v -0.014600 0.236250 0.440397
v -0.014600 0.224880 0.432810
v -0.014600 0.214598 0.423802
v -0.014600 0.205590 0.413520
v -0.014600 0.198003 0.402150
v -0.014600 0.191963 0.389882
v -0.014600 0.187553 0.376945
v -0.014600 0.184899 0.363548
v -0.018132 0.392101 0.363067
v -0.021602 0.389447 0.376025
v -0.024946 0.385037 0.388523
v -0.028122 0.378997 0.400374
v -0.031069 0.371410 0.411346
v -0.033723 0.362402 0.421274
v -0.036064 0.352120 0.429989
v -0.038029 0.340750 0.437325
v -0.039596 0.328482 0.443156
v -0.040725 0.315545 0.447399
v -0.041415 0.302148 0.449969
v -0.041645 0.288500 0.450847
v -0.041415 0.274852 0.449969
v -0.040725 0.261455 0.447399
v -0.039596 0.248518 0.443156
v -0.038029 0.236250 0.437325
v -0.036064 0.224880 0.429989
v -0.033723 0.214598 0.421274
v -0.031069 0.205590 0.411346
v -0.028122 0.198003 0.400374
v -0.024946 0.191963 0.388523
v -0.021602 0.187553 0.376025
v -0.018132 0.184899 0.363067
v -0.021413 0.392101 0.361709
v -0.028122 0.389447 0.373329
v -0.034601 0.385037 0.384531
v -0.040725 0.378997 0.395149
v -0.046410 0.371410 0.404992
v -0.051551 0.362402 0.413896
v -0.056045 0.352120 0.421692
v -0.059849 0.340750 0.428275
v -0.062879 0.328482 0.433521
v -0.065074 0.315545 0.437325
v -0.066411 0.302148 0.439624
v -0.066850 0.288500 0.440397
v -0.066411 0.274852 0.439624
v -0.065074 0.261455 0.437325
v -0.062879 0.248518 0.433521
v -0.059849 0.236250 0.428275
v -0.056045 0.224880 0.421692
v -0.051551 0.214598 0.413896
v -0.046410 0.205590 0.404992
v -0.040725 0.198003 0.395149
v -0.034601 0.191963 0.384531
v -0.028122 0.187553 0.373329
v -0.021413 0.184899 0.361709
v -0.024235 0.392101 0.359535
v -0.033723 0.389447 0.369024
v -0.042878 0.385037 0.378178
v -0.051551 0.378997 0.386851
v -0.059577 0.371410 0.394877
v -0.066850 0.362402 0.402150
v -0.073224 0.352120 0.408525
v -0.078596 0.340750 0.413896
v -0.082859 0.328482 0.418159
v -0.085974 0.315545 0.421274
v -0.087855 0.302148 0.423155
v -0.088502 0.288500 0.423802
v -0.087855 0.274852 0.423155
v -0.085974 0.261455 0.421274
v -0.082859 0.248518 0.418159
v -0.078596 0.236250 0.413896
v -0.073224 0.224880 0.408525
v -0.066850 0.214598 0.402150
v -0.059577 0.205590 0.394877
v -0.051551 0.198003 0.386851
v -0.042878 0.191963 0.378178
v -0.033723 0.187553 0.369024
v -0.024235 0.184899 0.359535
v -0.026409 0.392101 0.356713
v -0.038029 0.389447 0.363422
v -0.049231 0.385037 0.369901
v -0.059849 0.378997 0.376025
v -0.069692 0.371410 0.381710
v -0.078596 0.362402 0.386851
v -0.086392 0.352120 0.391345
v -0.092975 0.340750 0.395149
v -0.098221 0.328482 0.398179
v -0.102025 0.315545 0.400374
v -0.104324 0.302148 0.401711
v -0.105097 0.288500 0.402150
v -0.104324 0.274852 0.401711
v -0.102025 0.261455 0.400374
v -0.098221 0.248518 0.398179
v -0.092975 0.236250 0.395149
v -0.086392 0.224880 0.391345
v -0.078596 0.214598 0.386851
v -0.069692 0.205590 0.381710
v -0.059849 0.198003 0.376025
v -0.049231 0.191963 0.369901
v -0.038029 0.187553 0.363422
v -0.026409 0.184899 0.356713
v -0.027767 0.392101 0.353432
v -0.040725 0.389447 0.356901
v -0.053223 0.385037 0.360245
v -0.065074 0.378997 0.363422
v -0.076046 0.371410 0.366369
v -0.085974 0.362402 0.369024
v -0.094689 0.352120 0.371364
v -0.102025 0.340750 0.373329
v -0.107856 0.328482 0.374896
v -0.112099 0.315545 0.376025
v -0.114669 0.302148 0.376715
v -0.115547 0.288500 0.376945
v -0.114669 0.274852 0.376715
v -0.112099 0.261455 0.376025
v -0.107856 0.248518 0.374896
v -0.102025 0.236250 0.373329
v -0.094689 0.224880 0.371364
v -0.085974 0.214598 0.369024
v -0.076046 0.205590 0.366369
v -0.065074 0.198003 0.363422
v -0.053223 0.191963 0.360245
v -0.040725 0.187553 0.356901
v -0.027767 0.184899 0.353432
v -0.028248 0.392101 0.349900
v -0.041645 0.389447 0.349900
v -0.054582 0.385037 0.349900
v -0.066850 0.378997 0.349900
v -0.078220 0.371410 0.349900
v -0.088502 0.362402 0.349900
v -0.097510 0.352120 0.349900
v -0.105097 0.340750 0.349900
v -0.111137 0.328482 0.349900
v -0.115547 0.315545 0.349900
v -0.118201 0.302148 0.349900
v -0.119100 0.288500 0.349900
v -0.118201 0.274852 0.349900
v -0.115547 0.261455 0.349900
v -0.111137 0.248518 0.349900
v -0.105097 0.236250 0.349900
v -0.097510 0.224880 0.349900
v -0.088502 0.214598 0.349900
v -0.078220 0.205590 0.349900
v -0.066850 0.198003 0.349900
v -0.054582 0.191963 0.349900
v -0.041645 0.187553 0.349900
v -0.028248 0.184899 0.349900
v -0.027767 0.392101 0.346368
v -0.040725 0.389447 0.342899
v -0.053223 0.385037 0.339555
v -0.065074 0.378997 0.336378
v -0.076046 0.371410 0.333431
v -0.085974 0.362402 0.330777
v -0.094689 0.352120 0.328436
v -0.102025 0.340750 0.326471
v -0.107856 0.328482 0.324904
v -0.112099 0.315545 0.323775
v -0.114669 0.302148 0.323085
v -0.115547 0.288500 0.322855
v -0.114669 0.274852 0.323085
v -0.112099 0.261455 0.323775
v -0.107856 0.248518 0.324904
v -0.102025 0.236250 0.326471
v -0.094689 0.224880 0.328436
v -0.085974 0.214598 0.330777
v -0.076046 0.205590 0.333431
v -0.065074 0.198003 0.336378
v -0.053223 0.191963 0.339555
v -0.040725 0.187553 0.342899
v -0.027767 0.184899 0.346368
v -0.026409 0.392101 0.343087
v -0.038029 0.389447 0.336378
v -0.049231 0.385037 0.329899
v -0.059849 0.378997 0.323775
v -0.069692 0.371410 0.318090
v -0.078596 0.362402 0.312949
v -0.086392 0.352120 0.308455
v -0.092975 0.340750 0.304651
v -0.098221 0.328482 0.301621
v -0.102025 0.315545 0.299426
v -0.104324 0.302148 0.298089
v -0.105097 0.288500 0.297650
v -0.104324 0.274852 0.298089
v -0.102025 0.261455 0.299426
v -0.098221 0.248518 0.301621
v -0.092975 0.236250 0.304651
v -0.086392 0.224880 0.308455
v -0.078596 0.214598 0.312949
v -0.069692 0.205590 0.318090
v -0.059849 0.198003 0.323775
v -0.049231 0.191963 0.329899
v -0.038029 0.187553 0.336378
v -0.026409 0.184899 0.343087
v -0.024235 0.392101 0.340265
v -0.033723 0.389447 0.330777
v -0.042878 0.385037 0.321622
v -0.051551 0.378997 0.312949
v -0.059577 0.371410 0.304923
v -0.066850 0.362402 0.297650
v -0.073224 0.352120 0.291276
v -0.078596 0.340750 0.285904
v -0.082859 0.328482 0.281641
v -0.085974 0.315545 0.278526
v -0.087855 0.302148 0.276646
v -0.088502 0.288500 0.275998
v -0.087855 0.274852 0.276646
v -0.085974 0.261455 0.278526
v -0.082859 0.248518 0.281641
v -0.078596 0.236250 0.285904
v -0.073224 0.224880 0.291276
v -0.066850 0.214598 0.297650
v -0.059577 0.205590 0.304923
v -0.051551 0.198003 0.312949
v -0.042878 0.191963 0.321622
v -0.033723 0.187553 0.330777
v -0.024235 0.184899 0.340265
v -0.021413 0.392101 0.338091
v -0.028122 0.389447 0.326471
v -0.034601 0.385037 0.315269
v -0.040725 0.378997 0.304651
v -0.046410 0.371410 0.294808
v -0.051551 0.362402 0.285904
v -0.056045 0.352120 0.278109
v -0.059849 0.340750 0.271525
v -0.062879 0.328482 0.266279
v -0.065074 0.315545 0.262475
v -0.066411 0.302148 0.260176
v -0.066850 0.288500 0.259403
v -0.066411 0.274852 0.260176
v -0.065074 0.261455 0.262475
v -0.062879 0.248518 0.266279
v -0.059849 0.236250 0.271525
v -0.056045 0.224880 0.278109
v -0.051551 0.214598 0.285904
v -0.046410 0.205590 0.294808
v -0.040725 0.198003 0.304651
v -0.034601 0.191963 0.315269
v -0.028122 0.187553 0.326471
v -0.021413 0.184899 0.338091
v -0.018132 0.392101 0.336733
v -0.021602 0.389447 0.323775
v -0.024946 0.385037 0.311277
v -0.028122 0.378997 0.299426
v -0.031069 0.371410 0.288454
v -0.033723 0.362402 0.278526
v -0.036064 0.352120 0.269811
v -0.038029 0.340750 0.262475
v -0.039596 0.328482 0.256644
v -0.040725 0.315545 0.252402
v -0.041415 0.302148 0.249831
v -0.041645 0.288500 0.248953
v -0.041415 0.274852 0.249831
v -0.040725 0.261455 0.252402
v -0.039596 0.248518 0.256644
v -0.038029 0.236250 0.262475
v -0.036064 0.224880 0.269811
v -0.033723 0.214598 0.278526
v -0.031069 0.205590 0.288454
v -0.028122 0.198003 0.299426
v -0.024946 0.191963 0.311277
v -0.021602 0.187553 0.323775
v -0.018132 0.184899 0.336733
v -0.014600 0.392101 0.336252
v -0.014600 0.389447 0.322855
v -0.014600 0.385037 0.309918
v -0.014600 0.378997 0.297650
v -0.014600 0.371410 0.286280
v -0.014600 0.362402 0.275998
v -0.014600 0.352120 0.266990
v -0.014600 0.340750 0.259403
v -0.014600 0.328482 0.253363
v -0.014600 0.315545 0.248953
v -0.014600 0.302148 0.246299
v -0.014600 0.288500 0.245400
v -0.014600 0.274852 0.246299
v -0.014600 0.261455 0.248953
v -0.014600 0.248518 0.253363
v -0.014600 0.236250 0.259403
v -0.014600 0.224880 0.266990
v -0.014600 0.214598 0.275998
v -0.014600 0.205590 0.286280
v -0.014600 0.198003 0.297650
v -0.014600 0.191963 0.309918
v -0.014600 0.187553 0.322855
v -0.014600 0.184899 0.336252
v -0.011068 0.392101 0.336733
v -0.007598 0.389447 0.323775
v -0.004255 0.385037 0.311277
v -0.001078 0.378997 0.299426
v 0.001869 0.371410 0.288454
v 0.004523 0.362402 0.278526
v 0.006864 0.352120 0.269811
v 0.008829 0.340750 0.262475
v 0.010396 0.328482 0.256644
v 0.011525 0.315545 0.252402
v 0.012215 0.302148 0.249831
v 0.012445 0.288500 0.248953
v 0.012215 0.274852 0.249831
v 0.011525 0.261455 0.252402
v 0.010396 0.248518 0.256644
v 0.008829 0.236250 0.262475
v 0.006864 0.224880 0.269811
v 0.004523 0.214598 0.278526
v 0.001869 0.205590 0.288454
v -0.001078 0.198003 0.299426
v -0.004255 0.191963 0.311277
v -0.007598 0.187553 0.323775
v -0.011068 0.184899 0.336733
v -0.007787 0.392101 0.338091
v -0.001078 0.389447 0.326471
v 0.005401 0.385037 0.315269
v 0.011525 0.378997 0.304651
v 0.017210 0.371410 0.294808
v 0.022351 0.362402 0.285904
v 0.026845 0.352120 0.278109
v 0.030648 0.340750 0.271525
v 0.033679 0.328482 0.266279
v 0.035874 0.315545 0.262475
v 0.037211 0.302148 0.260176
v 0.037650 0.288500 0.259403
v 0.037211 0.274852 0.260176
v 0.035874 0.261455 0.262475
v 0.033679 0.248518 0.266279
v 0.030648 0.236250 0.271525
v 0.026845 0.224880 0.278109
v 0.022351 0.214598 0.285904
v 0.017210 0.205590 0.294808
v 0.011525 0.198003 0.304651
v 0.005401 0.191963 0.315269
v -0.001078 0.187553 0.326471
v -0.007787 0.184899 0.338091
v -0.004965 0.392101 0.340265
v 0.004523 0.389447 0.330777
v 0.013678 0.385037 0.321622
v 0.022351 0.378997 0.312949
v 0.030377 0.371410 0.304923
v 0.037650 0.362402 0.297650
v 0.044025 0.352120 0.291276
v 0.049396 0.340750 0.285904
v 0.053659 0.328482 0.281641
v 0.056774 0.315545 0.278526
v 0.058655 0.302148 0.276646
v 0.059302 0.288500 0.275998
v 0.058655 0.274852 0.276646
v 0.056774 0.261455 0.278526
v 0.053659 0.248518 0.281641
v 0.049396 0.236250 0.285904
v 0.044025 0.224880 0.291276
v 0.037650 0.214598 0.297650
v 0.030377 0.205590 0.304923
v 0.022351 0.198003 0.312949
v 0.013678 0.191963 0.321622
v 0.004523 0.187553 0.330777
v -0.004965 0.184899 0.340265
v -0.002792 0.392101 0.343087
v 0.008829 0.389447 0.336378
v 0.020031 0.385037 0.329899
v 0.030648 0.378997 0.323775
v 0.040492 0.371410 0.318090
v 0.049396 0.362402 0.312949
v 0.057191 0.352120 0.308455
v 0.063775 0.340750 0.304651
v 0.069021 0.328482 0.301621
v 0.072825 0.315545 0.299426
v 0.075124 0.302148 0.298089
v 0.075897 0.288500 0.297650
v 0.075124 0.274852 0.298089
v 0.072825 0.261455 0.299426
v 0.069021 0.248518 0.301621
v 0.063775 0.236250 0.304651
v 0.057191 0.224880 0.308455
v 0.049396 0.214598 0.312949
v 0.040492 0.205590 0.318090
v 0.030648 0.198003 0.323775
v 0.020031 0.191963 0.329899
v 0.008829 0.187553 0.336378
v -0.002792 0.184899 0.343087
v -0.001433 0.392101 0.346368
v 0.011525 0.389447 0.342899
v 0.024023 0.385037 0.339555
v 0.035874 0.378997 0.336378
v 0.046846 0.371410 0.333431
v 0.056774 0.362402 0.330777
v 0.065489 0.352120 0.328436
v 0.072825 0.340750 0.326471
v 0.078656 0.328482 0.324904
v 0.082899 0.315545 0.323775
v 0.085469 0.302148 0.323085
v 0.086347 0.288500 0.322855
v 0.085469 0.274852 0.323085
v 0.082899 0.261455 0.323775
v 0.078656 0.248518 0.324904
v 0.072825 0.236250 0.326471
v 0.065489 0.224880 0.328436
v 0.056774 0.214598 0.330777
v 0.046846 0.205590 0.333431
v 0.035874 0.198003 0.336378
v 0.024023 0.191963 0.339555
v 0.011525 0.187553 0.342899
v -0.001433 0.184899 0.346368
vt 1.000000 1.000000
vt 0.958333 0.958333
vt 1.000000 0.958333
vt 0.958333 0.916667
vt 1.000000 0.916667
vt 0.958333 0.875000
vt 1.000000 0.875000
vt 0.958333 0.833333
vt 1.000000 0.833333
vt 0.958333 0.791667
vt 1.000000 0.791667
vt 0.958333 0.750000
vt 1.000000 0.750000
vt 0.958333 0.708333
vt 1.000000 0.708333
vt 0.958333 0.666667
vt 1.000000 0.666667
vt 0.958333 0.625000
vt 1.000000 0.625000
vt 0.958333 0.583333
vt 1.000000 0.583333
vt 0.958333 0.541667
vt 1.000000 0.541667
vt 0.958333 0.500000
vt 1.000000 0.500000
vt 0.958333 0.458333
vt 1.000000 0.458333
vt 0.958333 0.416667
vt 1.000000 0.416667
vt 0.958333 0.375000
vt 1.000000 0.375000
vt 0.958333 0.333333
vt 1.000000 0.333333
vt 0.958333 0.291667
vt 1.000000 0.291667
vt 0.958333 0.250000
vt 1.000000 0.250000
vt 0.958333 0.208333
vt 1.000000 0.208333
vt 0.958333 0.166667
vt 1.000000 0.166667
vt 0.958333 0.125000
vt 1.000000 0.125000
vt 0.958333 0.083333
vt 1.000000 0.083333
vt 0.958333 0.041667
vt 1.000000 0.041667
vt 0.958333 0.000000
vt 0.958333 1.000000
vt 0.916667 0.958333
vt 0.916667 0.916667
vt 0.916667 0.875000
vt 0.916667 0.833333
vt 0.916667 0.791667
vt 0.916667 0.750000
vt 0.916667 0.708333
vt 0.916667 0.666667
vt 0.916667 0.625000
vt 0.916667 0.583333
vt 0.916667 0.541667
vt 0.916667 0.500000
vt 0.916667 0.458333
vt 0.916667 0.416667
vt 0.916667 0.375000
vt 0.916667 0.333333
vt 0.916667 0.291667
vt 0.916667 0.250000
vt 0.916667 0.208333
vt 0.916667 0.166667
vt 0.916667 0.125000
vt 0.916667 0.083333
vt 0.916667 0.041667
vt 0.916667 0.000000
vt 0.916667 1.000000
vt 0.875000 0.958333
vt 0.875000 0.916667
vt 0.875000 0.875000
vt 0.875000 0.833333
vt 0.875000 0.791667
vt 0.875000 0.750000
vt 0.875000 0.708333
vt 0.875000 0.666667
vt 0.875000 0.625000
vt 0.875000 0.583333
vt 0.875000 0.541667
vt 0.875000 0.500000
vt 0.875000 0.458333
vt 0.875000 0.416667
vt 0.875000 0.375000
vt 0.875000 0.333333
vt 0.875000 0.291667
vt 0.875000 0.250000
vt 0.875000 0.208333
vt 0.875000 0.166667
vt 0.875000 0.125000
vt 0.875000 0.083333
vt 0.875000 0.041667
vt 0.875000 0.000000
vt 0.875000 1.000000
vt 0.833333 0.958333
vt 0.833333 0.916667
vt 0.833333 0.875000
vt 0.833333 0.833333
vt 0.833333 0.791667
vt 0.833333 0.750000
vt 0.833333 0.708333
vt 0.833333 0.666667
vt 0.833333 0.625000
vt 0.833333 0.583333
vt 0.833333 0.541667
vt 0.833333 0.500000
vt 0.833333 0.458333
vt 0.833333 0.416667
vt 0.833333 0.375000
vt 0.833333 0.333333
vt 0.833333 0.291667
vt 0.833333 0.250000
vt 0.833333 0.208333
vt 0.833333 0.166667
vt 0.833333 0.125000
vt 0.833333 0.083333
vt 0.833333 0.041667
vt 0.833333 0.000000
vt 0.833333 1.000000
vt 0.791667 0.958333
vt 0.791667 0.916667
vt 0.791667 0.875000
vt 0.791667 0.833333
vt 0.791667 0.791667
vt 0.791667 0.750000
vt 0.791667 0.708333
vt 0.791667 0.666667
vt 0.791667 0.625000
vt 0.791667 0.583333
vt 0.791667 0.541667
vt 0.791667 0.500000
vt 0.791667 0.458333
vt 0.791667 0.416667
vt 0.791667 0.375000
vt 0.791667 0.333333
vt 0.791667 0.291667
vt 0.791667 0.250000
vt 0.791667 0.208333
vt 0.791667 0.166667
vt 0.791667 0.125000
vt 0.791667 0.083333
vt 0.791667 0.041667
vt 0.791667 0.000000
vt 0.791667 1.000000
vt 0.750000 0.958333
vt 0.750000 0.916667
vt 0.750000 0.875000
vt 0.750000 0.833333
vt 0.750000 0.791667
vt 0.750000 0.750000
vt 0.750000 0.708333
vt 0.750000 0.666667
vt 0.750000 0.625000
vt 0.750000 0.583333
vt 0.750000 0.541667
vt 0.750000 0.500000
vt 0.750000 0.458333
vt 0.750000 0.416667
vt 0.750000 0.375000
vt 0.750000 0.333333
vt 0.750000 0.291667
vt 0.750000 0.250000
vt 0.750000 0.208333
vt 0.750000 0.166667
vt 0.750000 0.125000
vt 0.750000 0.083333
vt 0.750000 0.041667
vt 0.750000 0.000000
vt 0.750000 1.000000
vt 0.708333 0.958333
vt 0.708333 0.916667
vt 0.708333 0.875000
vt 0.708333 0.833333
vt 0.708333 0.791667
vt 0.708333 0.750000
vt 0.708333 0.708333
vt 0.708333 0.666667
vt 0.708333 0.625000
vt 0.708333 0.583333
vt 0.708333 0.541667
vt 0.708333 0.500000
vt 0.708333 0.458333
vt 0.708333 0.416667
vt 0.708333 0.375000
vt 0.708333 0.333333
vt 0.708333 0.291667
vt 0.708333 0.250000
vt 0.708333 0.208333
vt 0.708333 0.166667
vt 0.708333 0.125000
vt 0.708333 0.083333
vt 0.708333 0.041667
vt 0.708333 0.000000
vt 0.708333 1.000000
vt 0.666667 0.958333
vt 0.666667 0.916667
vt 0.666667 0.875000
vt 0.666667 0.833333
vt 0.666667 0.791667
vt 0.666667 0.750000
vt 0.666667 0.708333
vt 0.666667 0.666667
vt 0.666667 0.625000
vt 0.666667 0.583333
vt 0.666667 0.541667
vt 0.666667 0.500000
vt 0.666667 0.458333
vt 0.666667 0.416667
vt 0.666667 0.375000
vt 0.666667 0.333333
vt 0.666667 0.291667
vt 0.666667 0.250000
vt 0.666667 0.208333
vt 0.666667 0.166667
vt 0.666667 0.125000
vt 0.666667 0.083333
vt 0.666667 0.041667
vt 0.666667 0.000000
vt 0.666667 1.000000
vt 0.625000 0.958333
vt 0.625000 0.916667
vt 0.625000 0.875000
vt 0.625000 0.833333
vt 0.625000 0.791667
vt 0.625000 0.750000
vt 0.625000 0.708333
vt 0.625000 0.666667
vt 0.625000 0.625000
vt 0.625000 0.583333
vt 0.625000 0.541667
vt 0.625000 0.500000
vt 0.625000 0.458333
vt 0.625000 0.416667
vt 0.625000 0.375000
vt 0.625000 0.333333
vt 0.625000 0.291667
vt 0.625000 0.250000
vt 0.625000 0.208333
vt 0.625000 0.166667
vt 0.625000 0.125000
vt 0.625000 0.083333
vt 0.625000 0.041667
vt 0.625000 0.000000
vt 0.625000 1.000000
vt 0.583333 0.958333
vt 0.583333 0.916667
vt 0.583333 0.875000
vt 0.583333 0.833333
vt 0.583333 0.791667
vt 0.583333 0.750000
vt 0.583333 0.708333
vt 0.583333 0.666667
vt 0.583333 0.625000
vt 0.583333 0.583333
vt 0.583333 0.541667
vt 0.583333 0.500000
vt 0.583333 0.458333
vt 0.583333 0.416667
vt 0.583333 0.375000
vt 0.583333 0.333333
vt 0.583333 0.291667
vt 0.583333 0.250000
vt 0.583333 0.208333
vt 0.583333 0.166667
vt 0.583333 0.125000
vt 0.583333 0.083333
vt 0.583333 0.041667
vt 0.583333 0.000000
vt 0.583333 1.000000
vt 0.541667 0.958333
vt 0.541667 0.916667
vt 0.541667 0.875000
vt 0.541667 0.833333
vt 0.541667 0.791667
vt 0.541667 0.750000
vt 0.541667 0.708333
vt 0.541667 0.666667
vt 0.541667 0.625000
vt 0.541667 0.583333
vt 0.541667 0.541667
vt 0.541667 0.500000
vt 0.541667 0.458333
vt 0.541667 0.416667
vt 0.541667 0.375000
vt 0.541667 0.333333
vt 0.541667 0.291667
vt 0.541667 0.250000
vt 0.541667 0.208333
vt 0.541667 0.166667
vt 0.541667 0.125000
vt 0.541667 0.083333
vt 0.541667 0.041667
vt 0.541667 0.000000
vt 0.541667 1.000000
vt 0.500000 0.958333
vt 0.500000 0.916667
vt 0.500000 0.875000
vt 0.500000 0.833333
vt 0.500000 0.791667
vt 0.500000 0.750000
vt 0.500000 0.708333
vt 0.500000 0.666667
vt 0.500000 0.625000
vt 0.500000 0.583333
vt 0.500000 0.541667
vt 0.500000 0.500000
vt 0.500000 0.458333
vt 0.500000 0.416667
vt 0.500000 0.375000
vt 0.500000 0.333333
vt 0.500000 0.291667
vt 0.500000 0.250000
vt 0.500000 0.208333
vt 0.500000 0.166667
vt 0.500000 0.125000
vt 0.500000 0.083333
vt 0.500000 0.041667
vt 0.500000 0.000000
vt 0.500000 1.000000
vt 0.458333 0.958333
vt 0.458333 0.916667
vt 0.458333 0.875000
vt 0.458333 0.833333
vt 0.458333 0.791667
vt 0.458333 0.750000
vt 0.458333 0.708333
vt 0.458333 0.666667
vt 0.458333 0.625000
vt 0.458333 0.583333
vt 0.458333 0.541667
vt 0.458333 0.500000
vt 0.458333 0.458333
vt 0.458333 0.416667
vt 0.458333 0.375000
vt 0.458333 0.333333
vt 0.458333 0.291667
vt 0.458333 0.250000
vt 0.458333 0.208333
vt 0.458333 0.166667
vt 0.458333 0.125000
vt 0.458333 0.083333
vt 0.458333 0.041667
vt 0.458333 0.000000
vt 0.458333 1.000000
vt 0.416667 0.958333
vt 0.416667 0.916667
vt 0.416667 0.875000
vt 0.416667 0.833333
vt 0.416667 0.791667
vt 0.416667 0.750000
vt 0.416667 0.708333
vt 0.416667 0.666667
vt 0.416667 0.625000
vt 0.416667 0.583333
vt 0.416667 0.541667
vt 0.416667 0.500000
vt 0.416667 0.458333
vt 0.416667 0.416667
vt 0.416667 0.375000
vt 0.416667 0.333333
vt 0.416667 0.291667
vt 0.416667 0.250000
vt 0.416667 0.208333
vt 0.416667 0.166667
vt 0.416667 0.125000
vt 0.416667 0.083333
vt 0.416667 0.041667
vt 0.416667 0.000000
vt 0.416667 1.000000
vt 0.375000 0.958333
vt 0.375000 0.916667
vt 0.375000 0.875000
vt 0.375000 0.833333
vt 0.375000 0.791667
vt 0.375000 0.750000
vt 0.375000 0.708333
vt 0.375000 0.666667
vt 0.375000 0.625000
vt 0.375000 0.583333
vt 0.375000 0.541667
vt 0.375000 0.500000
vt 0.375000 0.458333
vt 0.375000 0.416667
vt 0.375000 0.375000
vt 0.375000 0.333333
vt 0.375000 0.291667
vt 0.375000 0.250000
vt 0.375000 0.208333
vt 0.375000 0.166667
vt 0.375000 0.125000
vt 0.375000 0.083333
vt 0.375000 0.041667
vt 0.375000 0.000000
vt 0.375000 1.000000
vt 0.333333 0.958333
vt 0.333333 0.916667
vt 0.333333 0.875000
vt 0.333333 0.833333
vt 0.333333 0.791667
vt 0.333333 0.750000
vt 0.333333 0.708333
vt 0.333333 0.666667
vt 0.333333 0.625000
vt 0.333333 0.583333
vt 0.333333 0.541667
vt 0.333333 0.500000
vt 0.333333 0.458333
vt 0.333333 0.416667
vt 0.333333 0.375000
vt 0.333333 0.333333
vt 0.333333 0.291667
vt 0.333333 0.250000
vt 0.333333 0.208333
vt 0.333333 0.166667
vt 0.333333 0.125000
vt 0.333333 0.083333
vt 0.333333 0.041667
vt 0.333333 0.000000
vt 0.333333 1.000000
vt 0.291667 0.958333
vt 0.291667 0.916667
vt 0.291667 0.875000
vt 0.291667 0.833333
vt 0.291667 0.791667
vt 0.291667 0.750000
vt 0.291667 0.708333
vt 0.291667 0.666667
vt 0.291667 0.625000
vt 0.291667 0.583333
vt 0.291667 0.541667
vt 0.291667 0.500000
vt 0.291667 0.458333
vt 0.291667 0.416667
vt 0.291667 0.375000
vt 0.291667 0.333333
vt 0.291667 0.291667
vt 0.291667 0.250000
vt 0.291667 0.208333
vt 0.291667 0.166667
vt 0.291667 0.125000
vt 0.291667 0.083333
vt 0.291667 0.041667
vt 0.291667 0.000000
vt 0.291667 1.000000
vt 0.250000 0.958333
vt 0.250000 0.916667
vt 0.250000 0.875000
vt 0.250000 0.833333
vt 0.250000 0.791667
vt 0.250000 0.750000
vt 0.250000 0.708333
vt 0.250000 0.666667
vt 0.250000 0.625000
vt 0.250000 0.583333
vt 0.250000 0.541667
vt 0.250000 0.500000
vt 0.250000 0.458333
vt 0.250000 0.416667
vt 0.250000 0.375000
vt 0.250000 0.333333
vt 0.250000 0.291667
vt 0.250000 0.250000
vt 0.250000 0.208333
vt 0.250000 0.166667
vt 0.250000 0.125000
vt 0.250000 0.083333
vt 0.250000 0.041667
vt 0.250000 0.000000
vt 0.250000 1.000000
vt 0.208333 0.958333
vt 0.208333 0.916667
vt 0.208333 0.875000
vt 0.208333 0.833333
vt 0.208333 0.791667
vt 0.208333 0.750000
vt 0.208333 0.708333
vt 0.208333 0.666667
vt 0.208333 0.625000
vt 0.208333 0.583333
vt 0.208333 0.541667
vt 0.208333 0.500000
vt 0.208333 0.458333
vt 0.208333 0.416667
vt 0.208333 0.375000
vt 0.208333 0.333333
vt 0.208333 0.291667
vt 0.208333 0.250000
vt 0.208333 0.208333
vt 0.208333 0.166667
vt 0.208333 0.125000
vt 0.208333 0.083333
vt 0.208333 0.041667
vt 0.208333 0.000000
vt 0.208333 1.000000
vt 0.166667 0.958333
vt 0.166667 0.916667
vt 0.166667 0.875000
vt 0.166667 0.833333
vt 0.166667 0.791667
vt 0.166667 0.750000
vt 0.166667 0.708333
vt 0.166667 0.666667
vt 0.166667 0.625000
vt 0.166667 0.583333
vt 0.166667 0.541667
vt 0.166667 0.500000
vt 0.166667 0.458333
vt 0.166667 0.416667
vt 0.166667 0.375000
vt 0.166667 0.333333
vt 0.166667 0.291667
vt 0.166667 0.250000
vt 0.166667 0.208333
vt 0.166667 0.166667
vt 0.166667 0.125000
vt 0.166667 0.083333
vt 0.166667 0.041667
vt 0.166667 0.000000
vt 0.166667 1.000000
vt 0.125000 0.958333
vt 0.125000 0.916667
vt 0.125000 0.875000
vt 0.125000 0.833333
vt 0.125000 0.791667
vt 0.125000 0.750000
vt 0.125000 0.708333
vt 0.125000 0.666667
vt 0.125000 0.625000
vt 0.125000 0.583333
vt 0.125000 0.541667
vt 0.125000 0.500000
vt 0.125000 0.458333
vt 0.125000 0.416667
vt 0.125000 0.375000
vt 0.125000 0.333333
vt 0.125000 0.291667
vt 0.125000 0.250000
vt 0.125000 0.208333
vt 0.125000 0.166667
vt 0.125000 0.125000
vt 0.125000 0.083333
vt 0.125000 0.041667
vt 0.125000 0.000000
vt 0.125000 1.000000
vt 0.083333 0.958333
vt 0.083333 0.916667
vt 0.083333 0.875000
vt 0.083333 0.833333
vt 0.083333 0.791667
vt 0.083333 0.750000
vt 0.083333 0.708333
vt 0.083333 0.666667
vt 0.083333 0.625000
vt 0.083333 0.583333
vt 0.083333 0.541667
vt 0.083333 0.500000
vt 0.083333 0.458333
vt 0.083333 0.416667
vt 0.083333 0.375000
vt 0.083333 0.333333
vt 0.083333 0.291667
vt 0.083333 0.250000
vt 0.083333 0.208333
vt 0.083333 0.166667
vt 0.083333 0.125000
vt 0.083333 0.083333
vt 0.083333 0.041667
vt 0.083333 0.000000
vt 0.083333 1.000000
vt 0.041667 0.958333
vt 0.041667 0.916667
vt 0.041667 0.875000
vt 0.041667 0.833333
vt 0.041667 0.791667
vt 0.041667 0.750000
vt 0.041667 0.708333
vt 0.041667 0.666667
vt 0.041667 0.625000
vt 0.041667 0.583333
vt 0.041667 0.541667
vt 0.041667 0.500000
vt 0.041667 0.458333
vt 0.041667 0.416667
vt 0.041667 0.375000
vt 0.041667 0.333333
vt 0.041667 0.291667
vt 0.041667 0.250000
vt 0.041667 0.208333
vt 0.041667 0.166667
vt 0.041667 0.125000
vt 0.041667 0.083333
vt 0.041667 0.041667
vt 0.041667 0.000000
vt 0.041667 1.000000
vt 0.000000 0.958333
vt 0.000000 0.916667
vt 0.000000 0.875000
vt 0.000000 0.833333
vt 0.000000 0.791667
vt 0.000000 0.750000
vt 0.000000 0.708333
vt 0.000000 0.666667
vt 0.000000 0.625000
vt 0.000000 0.583333
vt 0.000000 0.541667
vt 0.000000 0.500000
vt 0.000000 0.458333
vt 0.000000 0.416667
vt 0.000000 0.375000
vt 0.000000 0.333333
vt 0.000000 0.291667
vt 0.000000 0.250000
vt 0.000000 0.208333
vt 0.000000 0.166667
vt 0.000000 0.125000
vt 0.000000 0.083333
vt 0.000000 0.041667
vt 0.000000 0.000000
vn 0.000000 1.000000 -0.000000
vn 0.125800 0.991500 0.033800
vn 0.130200 0.991500 0.000000
vn 0.250200 0.965900 0.067000
vn 0.259000 0.965900 0.000000
vn 0.370000 0.923800 0.099000
vn 0.382900 0.923800 0.000000
vn 0.482500 0.866300 0.129300
vn 0.499500 0.866300 0.000000
vn 0.587700 0.793600 0.157500
vn 0.608400 0.793700 0.000000
vn 0.682900 0.707200 0.183100
vn 0.706900 0.707300 0.000000
vn 0.766400 0.608700 0.205500
vn 0.793500 0.608600 0.000000
vn 0.836600 0.499800 0.224100
vn 0.866300 0.499500 0.000000
vn 0.892500 0.382600 0.238900
vn 0.923900 0.382700 0.000000
vn 0.933100 0.258800 0.249900
vn 0.965900 0.258900 0.000000
vn 0.957700 0.130600 0.256500
vn 0.991400 0.130600 -0.000000
vn 0.965900 -0.000000 0.258800
vn 1.000000 0.000000 -0.000000
vn 0.957700 -0.130600 0.256500
vn 0.991400 -0.130600 -0.000000
vn 0.933000 -0.258800 0.249900
vn 0.965900 -0.258900 -0.000000
vn 0.892500 -0.382600 0.238900
vn 0.923900 -0.382600 -0.000000
vn 0.836600 -0.499800 0.224100
vn 0.866300 -0.499500 -0.000000
vn 0.766400 -0.608700 0.205500
vn 0.793500 -0.608600 -0.000000
vn 0.682900 -0.707200 0.183100
vn 0.706900 -0.707300 -0.000000
vn 0.587700 -0.793600 0.157500
vn 0.608400 -0.793700 -0.000000
vn 0.482500 -0.866300 0.129300
vn 0.499500 -0.866300 -0.000000
vn 0.370000 -0.923800 0.099000
vn 0.382900 -0.923800 0.000000
vn 0.250200 -0.965900 0.067000
vn 0.259000 -0.965900 -0.000000
vn 0.125800 -0.991500 0.033800
vn 0.130200 -0.991500 0.000000
vn 0.000000 -1.000000 0.000000
vn 0.112700 0.991500 0.065200
vn 0.224200 0.965900 0.129400
vn 0.331700 0.923800 0.191400
vn 0.432700 0.866200 0.249800
vn 0.526900 0.793600 0.304300
vn 0.612300 0.707100 0.353600
vn 0.687100 0.608600 0.396800
vn 0.749900 0.500000 0.433200
vn 0.800000 0.382700 0.462100
vn 0.836500 0.258800 0.483000
vn 0.858600 0.130700 0.495700
vn 0.866100 -0.000000 0.499900
vn 0.858600 -0.130700 0.495700
vn 0.836500 -0.258800 0.483000
vn 0.800000 -0.382600 0.462100
vn 0.749900 -0.500000 0.433100
vn 0.687100 -0.608600 0.396800
vn 0.612300 -0.707100 0.353600
vn 0.526900 -0.793600 0.304300
vn 0.432700 -0.866200 0.249800
vn 0.331700 -0.923700 0.191500
vn 0.224200 -0.965900 0.129400
vn 0.112700 -0.991500 0.065100
vn 0.092000 0.991500 0.092000
vn 0.183100 0.965900 0.183000
vn 0.270800 0.923800 0.270800
vn 0.353400 0.866200 0.353400
vn 0.430200 0.793600 0.430200
vn 0.500000 0.707100 0.500000
vn 0.561100 0.608600 0.561100
vn 0.612400 0.499900 0.612400
vn 0.653300 0.382700 0.653300
vn 0.683000 0.258800 0.683000
vn 0.701100 0.130600 0.701100
vn 0.707100 -0.000000 0.707100
vn 0.701100 -0.130600 0.701100
vn 0.683000 -0.258800 0.683000
vn 0.653300 -0.382700 0.653300
vn 0.612400 -0.500000 0.612400
vn 0.561100 -0.608600 0.561100
vn 0.500000 -0.707100 0.500000
vn 0.430200 -0.793600 0.430200
vn 0.353400 -0.866200 0.353400
vn 0.270800 -0.923800 0.270800
vn 0.183100 -0.965900 0.183100
vn 0.092100 -0.991500 0.092100
vn 0.065100 0.991500 0.112700
vn 0.129400 0.965900 0.224200
vn 0.191400 0.923800 0.331700
vn 0.249800 0.866200 0.432700
vn 0.304300 0.793600 0.526900
vn 0.353600 0.707100 0.612400
vn 0.396800 0.608600 0.687100
vn 0.433200 0.500000 0.749900
vn 0.462100 0.382700 0.800000
vn 0.483100 0.258700 0.836500
vn 0.495700 0.130800 0.858600
vn 0.499900 0.000000 0.866100
vn 0.495700 -0.130700 0.858600
vn 0.483100 -0.258700 0.836500
vn 0.462100 -0.382700 0.800000
vn 0.433200 -0.500000 0.749900
vn 0.396800 -0.608700 0.687100
vn 0.353600 -0.707100 0.612300
vn 0.304300 -0.793600 0.526900
vn 0.249800 -0.866200 0.432700
vn 0.191400 -0.923800 0.331700
vn 0.129400 -0.965900 0.224200
vn 0.065100 -0.991500 0.112700
vn 0.033800 0.991500 0.125800
vn 0.067000 0.965900 0.250200
vn 0.099000 0.923800 0.370000
vn 0.129300 0.866300 0.482500
vn 0.157500 0.793600 0.587700
vn 0.183100 0.707200 0.682900
vn 0.205500 0.608700 0.766400
vn 0.224100 0.499800 0.836600
vn 0.238900 0.382600 0.892500
vn 0.249900 0.258900 0.933000
vn 0.256500 0.130600 0.957700
vn 0.258800 0.000000 0.965900
vn 0.256500 -0.130600 0.957700
vn 0.249900 -0.258700 0.933100
vn 0.238900 -0.382600 0.892500
vn 0.224100 -0.499800 0.836600
vn 0.205500 -0.608700 0.766400
vn 0.183100 -0.707200 0.682900
vn 0.157500 -0.793600 0.587700
vn 0.129300 -0.866300 0.482500
vn 0.099000 -0.923800 0.370000
vn 0.067000 -0.965900 0.250200
vn 0.033800 -0.991500 0.125800
vn -0.000000 0.991500 0.130200
vn -0.000000 0.965900 0.259000
vn -0.000000 0.923800 0.382900
vn 0.000000 0.866300 0.499500
vn 0.000000 0.793700 0.608400
vn 0.000000 0.707300 0.706900
vn 0.000000 0.608600 0.793500
vn 0.000000 0.499400 0.866300
vn 0.000000 0.382600 0.923900
vn -0.000000 0.258900 0.965900
vn -0.000000 0.130600 0.991400
vn 0.000000 0.000000 1.000000
vn -0.000000 -0.130600 0.991400
vn -0.000000 -0.258900 0.965900
vn 0.000000 -0.382700 0.923900
vn 0.000000 -0.499500 0.866300
vn 0.000000 -0.608600 0.793500
vn 0.000000 -0.707300 0.706900
vn 0.000000 -0.793700 0.608400
vn 0.000000 -0.866300 0.499500
vn -0.000000 -0.923800 0.382900
vn -0.000000 -0.965900 0.259000
vn -0.000000 -0.991500 0.130200
vn -0.033800 0.991500 0.125800
vn -0.067000 0.965900 0.250200
vn -0.099000 0.923800 0.370000
vn -0.129300 0.866300 0.482500
vn -0.157500 0.793600 0.587700
vn -0.183100 0.707200 0.682900
vn -0.205500 0.608700 0.766400
vn -0.224100 0.499800 0.836600
vn -0.238900 0.382600 0.892500
vn -0.249900 0.258700 0.933100
vn -0.256500 0.130600 0.957700
vn -0.258800 0.000000 0.965900
vn -0.256500 -0.130600 0.957700
vn -0.249900 -0.258800 0.933000
vn -0.238900 -0.382600 0.892500
vn -0.224100 -0.499800 0.836600
vn -0.205500 -0.608700 0.766400
vn -0.183100 -0.707200 0.682900
vn -0.157500 -0.793600 0.587700
vn -0.129300 -0.866300 0.482500
vn -0.099000 -0.923800 0.370000
vn -0.067000 -0.965900 0.250200
vn -0.033800 -0.991500 0.125800
vn -0.065100 0.991500 0.112700
vn -0.129400 0.965900 0.224200
vn -0.191400 0.923800 0.331700
vn -0.249800 0.866200 0.432700
vn -0.304300 0.793600 0.526900
vn -0.353600 0.707100 0.612300
vn -0.396800 0.608700 0.687100
vn -0.433200 0.500000 0.749900
vn -0.462100 0.382600 0.800000
vn -0.483100 0.258700 0.836500
vn -0.495700 0.130700 0.858600
vn -0.499900 -0.000000 0.866100
vn -0.495700 -0.130700 0.858600
vn -0.483100 -0.258700 0.836500
vn -0.462100 -0.382700 0.800000
vn -0.433100 -0.500000 0.749900
vn -0.396800 -0.608700 0.687100
vn -0.353600 -0.707100 0.612300
vn -0.304300 -0.793600 0.526900
vn -0.249800 -0.866200 0.432700
vn -0.191500 -0.923700 0.331700
vn -0.129400 -0.965900 0.224200
vn -0.065200 -0.991500 0.112700
vn -0.092000 0.991500 0.092000
vn -0.183100 0.965900 0.183100
vn -0.270800 0.923800 0.270800
vn -0.353400 0.866200 0.353400
vn -0.430200 0.793600 0.430200
vn -0.500000 0.707100 0.500000
vn -0.561100 0.608600 0.561100
vn -0.612400 0.499900 0.612400
vn -0.653300 0.382700 0.653300
vn -0.683000 0.258800 0.683000
vn -0.701100 0.130600 0.701100
vn -0.707100 -0.000000 0.707100
vn -0.701100 -0.130600 0.701100
vn -0.683000 -0.258800 0.683000
vn -0.653300 -0.382700 0.653300
vn -0.612400 -0.499900 0.612400
vn -0.561100 -0.608600 0.561100
vn -0.500000 -0.707100 0.500000
vn -0.430200 -0.793600 0.430200
vn -0.353400 -0.866200 0.353400
vn -0.270800 -0.923800 0.270800
vn -0.183100 -0.965900 0.183100
vn -0.092000 -0.991500 0.092000
vn -0.112700 0.991500 0.065200
vn -0.224200 0.965900 0.129400
vn -0.331700 0.923800 0.191400
vn -0.432700 0.866200 0.249800
vn -0.526900 0.793600 0.304300
vn -0.612300 0.707100 0.353600
vn -0.687100 0.608600 0.396800
vn -0.749900 0.500000 0.433100
vn -0.800000 0.382700 0.462100
vn -0.836500 0.258700 0.483100
vn -0.858600 0.130700 0.495700
vn -0.866100 -0.000000 0.499900
vn -0.858600 -0.130600 0.495700
vn -0.836500 -0.258700 0.483100
vn -0.800000 -0.382700 0.462100
vn -0.749900 -0.500000 0.433200
vn -0.687100 -0.608600 0.396800
vn -0.612300 -0.707100 0.353600
vn -0.526900 -0.793600 0.304300
vn -0.432700 -0.866200 0.249800
vn -0.331700 -0.923700 0.191500
vn -0.224200 -0.965900 0.129400
vn -0.112700 -0.991500 0.065100
vn -0.125800 0.991500 0.033800
vn -0.250200 0.965900 0.067000
vn -0.370000 0.923800 0.099000
vn -0.482500 0.866300 0.129300
vn -0.587700 0.793600 0.157500
vn -0.682900 0.707200 0.183100
vn -0.766400 0.608700 0.205500
vn -0.836600 0.499800 0.224100
vn -0.892500 0.382600 0.238900
vn -0.933100 0.258700 0.249900
vn -0.957700 0.130600 0.256500
vn -0.965900 -0.000000 0.258800
vn -0.957700 -0.130600 0.256500
vn -0.933000 -0.258800 0.249900
vn -0.892500 -0.382600 0.238900
vn -0.836600 -0.499800 0.224100
vn -0.766400 -0.608700 0.205500
vn -0.682900 -0.707200 0.183100
vn -0.587700 -0.793600 0.157500
vn -0.482500 -0.866300 0.129300
vn -0.370000 -0.923800 0.099000
vn -0.250200 -0.965900 0.067000
vn -0.125800 -0.991500 0.033800
vn -0.130200 0.991500 -0.000000
vn -0.259000 0.965900 -0.000000
vn -0.382900 0.923800 -0.000000
vn -0.499500 0.866300 0.000000
vn -0.608400 0.793700 -0.000000
vn -0.706900 0.707300 -0.000000
vn -0.793500 0.608600 -0.000000
vn -0.866300 0.499500 0.000000
vn -0.923900 0.382600 0.000000
vn -0.965900 0.258900 -0.000000
vn -0.991400 0.130600 0.000000
vn -1.000000 0.000000 0.000000
vn -0.991400 -0.130600 -0.000000
vn -0.965900 -0.258900 -0.000000
vn -0.923900 -0.382700 0.000000
vn -0.866300 -0.499500 -0.000000
vn -0.793500 -0.608600 0.000000
vn -0.706900 -0.707300 0.000000
vn -0.608400 -0.793700 0.000000
vn -0.499500 -0.866300 0.000000
vn -0.382900 -0.923800 -0.000000
vn -0.259000 -0.965900 -0.000000
vn -0.130200 -0.991500 -0.000000
vn -0.125800 0.991500 -0.033800
vn -0.250200 0.965900 -0.067000
vn -0.370000 0.923800 -0.099000
vn -0.482500 0.866300 -0.129300
vn -0.587700 0.793600 -0.157500
vn -0.682900 0.707200 -0.183100
vn -0.766400 0.608700 -0.205500
vn -0.836600 0.499800 -0.224100
vn -0.892500 0.382600 -0.238900
vn -0.933100 0.258800 -0.249900
vn -0.957700 0.130600 -0.256500
vn -0.965900 -0.000000 -0.258800
vn -0.957700 -0.130600 -0.256500
vn -0.933000 -0.258800 -0.249900
vn -0.892500 -0.382600 -0.238900
vn -0.836600 -0.499800 -0.224100
vn -0.766400 -0.608700 -0.205500
vn -0.682900 -0.707200 -0.183100
vn -0.587700 -0.793600 -0.157500
vn -0.482500 -0.866300 -0.129300
vn -0.370000 -0.923800 -0.099000
vn -0.250200 -0.965900 -0.067000
vn -0.125800 -0.991500 -0.033800
vn -0.112700 0.991500 -0.065200
vn -0.224200 0.965900 -0.129400
vn -0.331700 0.923800 -0.191400
vn -0.432700 0.866200 -0.249800
vn -0.526900 0.793600 -0.304300
vn -0.612300 0.707100 -0.353600
vn -0.687100 0.608600 -0.396800
vn -0.749900 0.500000 -0.433200
vn -0.800000 0.382700 -0.462100
vn -0.836500 0.258800 -0.483000
vn -0.858600 0.130700 -0.495700
vn -0.866100 -0.000000 -0.499900
vn -0.858600 -0.130700 -0.495700
vn -0.836500 -0.258800 -0.483000
vn -0.800000 -0.382600 -0.462100
vn -0.749900 -0.500000 -0.433100
vn -0.687100 -0.608600 -0.396800
vn -0.612300 -0.707100 -0.353600
vn -0.526900 -0.793600 -0.304300
vn -0.432700 -0.866200 -0.249800
vn -0.331700 -0.923700 -0.191500
vn -0.224200 -0.965900 -0.129400
vn -0.112700 -0.991500 -0.065100
vn -0.092000 0.991500 -0.092000
vn -0.183100 0.965900 -0.183100
vn -0.270800 0.923800 -0.270800
vn -0.353400 0.866200 -0.353400
vn -0.430200 0.793600 -0.430200
vn -0.500000 0.707100 -0.500000
vn -0.561100 0.608600 -0.561100
vn -0.612400 0.499900 -0.612400
vn -0.653300 0.382700 -0.653300
vn -0.683000 0.258800 -0.683000
vn -0.701100 0.130600 -0.701100
vn -0.707100 -0.000000 -0.707100
vn -0.701100 -0.130600 -0.701100
vn -0.683000 -0.258800 -0.683000
vn -0.653300 -0.382700 -0.653300
vn -0.612400 -0.500000 -0.612400
vn -0.561100 -0.608600 -0.561100
vn -0.500000 -0.707100 -0.500000
vn -0.430200 -0.793600 -0.430200
vn -0.353400 -0.866200 -0.353400
vn -0.270800 -0.923800 -0.270800
vn -0.183100 -0.965900 -0.183100
vn -0.092100 -0.991500 -0.092100
vn -0.065100 0.991500 -0.112700
vn -0.129400 0.965900 -0.224200
vn -0.191400 0.923800 -0.331700
vn -0.249800 0.866200 -0.432700
vn -0.304300 0.793600 -0.526900
vn -0.353600 0.707100 -0.612400
vn -0.396800 0.608600 -0.687100
vn -0.433200 0.500000 -0.749900
vn -0.462100 0.382700 -0.800000
vn -0.483100 0.258700 -0.836500
vn -0.495700 0.130800 -0.858600
vn -0.499900 -0.000000 -0.866100
vn -0.495700 -0.130700 -0.858600
vn -0.483100 -0.258700 -0.836500
vn -0.462100 -0.382700 -0.800000
vn -0.433200 -0.500000 -0.749900
vn -0.396800 -0.608700 -0.687100
vn -0.353600 -0.707100 -0.612300
vn -0.304300 -0.793600 -0.526900
vn -0.249800 -0.866200 -0.432700
vn -0.191400 -0.923800 -0.331700
vn -0.129400 -0.965900 -0.224200
vn -0.065100 -0.991500 -0.112700
vn -0.033800 0.991500 -0.125800
vn -0.067000 0.965900 -0.250200
vn -0.099000 0.923800 -0.370000
vn -0.129300 0.866300 -0.482500
vn -0.157500 0.793600 -0.587700
vn -0.183100 0.707200 -0.682900
vn -0.205500 0.608700 -0.766400
vn -0.224100 0.499800 -0.836600
vn -0.238900 0.382600 -0.892500
vn -0.249900 0.258900 -0.933000
vn -0.256500 0.130600 -0.957700
vn -0.258800 0.000000 -0.965900
vn -0.256500 -0.130600 -0.957700
vn -0.249900 -0.258700 -0.933100
vn -0.238900 -0.382600 -0.892500
vn -0.224100 -0.499800 -0.836600
vn -0.205500 -0.608700 -0.766400
vn -0.183100 -0.707200 -0.682900
vn -0.157500 -0.793600 -0.587700
vn -0.129300 -0.866300 -0.482500
vn -0.099000 -0.923800 -0.370000
vn -0.067000 -0.965900 -0.250200
vn -0.033800 -0.991500 -0.125800
vn 0.000000 0.991500 -0.130200
vn 0.000000 0.965900 -0.259000
vn 0.000000 0.923800 -0.382900
vn -0.000000 0.866300 -0.499500
vn -0.000000 0.793700 -0.608400
vn -0.000000 0.707300 -0.706900
vn -0.000000 0.608600 -0.793500
vn -0.000000 0.499400 -0.866300
vn -0.000000 0.382600 -0.923900
vn 0.000000 0.258900 -0.965900
vn 0.000000 0.130600 -0.991400
vn 0.000000 0.000000 -1.000000
vn 0.000000 -0.130600 -0.991400
vn 0.000000 -0.258900 -0.965900
vn -0.000000 -0.382700 -0.923900
vn -0.000000 -0.499500 -0.866300
vn -0.000000 -0.608600 -0.793500
vn -0.000000 -0.707300 -0.706900
vn -0.000000 -0.793700 -0.608400
vn -0.000000 -0.866300 -0.499500
vn 0.000000 -0.923800 -0.382900
vn 0.000000 -0.965900 -0.259000
vn 0.000000 -0.991500 -0.130200
vn 0.033800 0.991500 -0.125800
vn 0.067000 0.965900 -0.250200
vn 0.099000 0.923800 -0.370000
vn 0.129300 0.866300 -0.482500
vn 0.157500 0.793600 -0.587700
vn 0.183100 0.707200 -0.682900
vn 0.205500 0.608700 -0.766400
vn 0.224100 0.499800 -0.836600
vn 0.238900 0.382600 -0.892500
vn 0.249900 0.258700 -0.933100
vn 0.256500 0.130600 -0.957700
vn 0.258800 0.000000 -0.965900
vn 0.256500 -0.130600 -0.957700
vn 0.249900 -0.258800 -0.933000
vn 0.238900 -0.382600 -0.892500
vn 0.224100 -0.499800 -0.836600
vn 0.205500 -0.608700 -0.766400
vn 0.183100 -0.707200 -0.682900
vn 0.157500 -0.793600 -0.587700
vn 0.129300 -0.866300 -0.482500
vn 0.099000 -0.923800 -0.370000
vn 0.067000 -0.965900 -0.250200
vn 0.033800 -0.991500 -0.125800
vn 0.065100 0.991500 -0.112700
vn 0.129400 0.965900 -0.224200
vn 0.191400 0.923800 -0.331700
vn 0.249800 0.866200 -0.432700
vn 0.304300 0.793600 -0.526900
vn 0.353600 0.707100 -0.612300
vn 0.396800 0.608700 -0.687100
vn 0.433200 0.500000 -0.749900
vn 0.462100 0.382600 -0.800000
vn 0.483100 0.258700 -0.836500
vn 0.495700 0.130700 -0.858600
vn 0.499900 0.000000 -0.866100
vn 0.495700 -0.130700 -0.858600
vn 0.483100 -0.258700 -0.836500
vn 0.462100 -0.382700 -0.800000
vn 0.433100 -0.500000 -0.749900
vn 0.396800 -0.608700 -0.687100
vn 0.353600 -0.707100 -0.612300
vn 0.304300 -0.793600 -0.526900
vn 0.249800 -0.866200 -0.432700
vn 0.191500 -0.923700 -0.331700
vn 0.129400 -0.965900 -0.224200
vn 0.065200 -0.991500 -0.112700
vn 0.092000 0.991500 -0.092000
vn 0.183100 0.965900 -0.183100
vn 0.270800 0.923800 -0.270800
vn 0.353400 0.866200 -0.353400
vn 0.430200 0.793600 -0.430200
vn 0.500000 0.707100 -0.500000
vn 0.561100 0.608600 -0.561100
vn 0.612400 0.499900 -0.612400
vn 0.653300 0.382700 -0.653300
vn 0.683000 0.258800 -0.683000
vn 0.701100 0.130600 -0.701100
vn 0.707100 0.000000 -0.707100
vn 0.701100 -0.130600 -0.701100
vn 0.683000 -0.258800 -0.683000
vn 0.653300 -0.382700 -0.653300
vn 0.612400 -0.499900 -0.612400
vn 0.561100 -0.608600 -0.561100
vn 0.500000 -0.707100 -0.500000
vn 0.430200 -0.793600 -0.430200
vn 0.353400 -0.866200 -0.353400
vn 0.270800 -0.923800 -0.270800
vn 0.183100 -0.965900 -0.183100
vn 0.092000 -0.991500 -0.092000
vn 0.112700 0.991500 -0.065200
vn 0.224200 0.965900 -0.129400
vn 0.331700 0.923800 -0.191400
vn 0.432700 0.866200 -0.249800
vn 0.526900 0.793600 -0.304300
vn 0.612300 0.707100 -0.353600
vn 0.687100 0.608600 -0.396800
vn 0.749900 0.500000 -0.433100
vn 0.800000 0.382700 -0.462100
vn 0.836500 0.258700 -0.483100
vn 0.858600 0.130700 -0.495700
vn 0.866100 0.000000 -0.499900
vn 0.858600 -0.130600 -0.495700
vn 0.836500 -0.258700 -0.483100
vn 0.800000 -0.382700 -0.462100
vn 0.749900 -0.500000 -0.433200
vn 0.687100 -0.608600 -0.396800
vn 0.612300 -0.707100 -0.353600
vn 0.526900 -0.793600 -0.304300
vn 0.432700 -0.866200 -0.249800
vn 0.331700 -0.923700 -0.191500
vn 0.224200 -0.965900 -0.129400
vn 0.112700 -0.991500 -0.065100
vn 0.125800 0.991500 -0.033800
vn 0.250200 0.965900 -0.067000
vn 0.370000 0.923800 -0.099000
vn 0.482500 0.866300 -0.129300
vn 0.587700 0.793600 -0.157500
vn 0.682900 0.707200 -0.183100
vn 0.766400 0.608700 -0.205500
vn 0.836600 0.499800 -0.224100
vn 0.892500 0.382600 -0.238900
vn 0.933100 0.258700 -0.249900
vn 0.957700 0.130600 -0.256500
vn 0.965900 -0.000000 -0.258800
vn 0.957700 -0.130600 -0.256500
vn 0.933000 -0.258800 -0.249900
vn 0.892500 -0.382600 -0.238900
vn 0.836600 -0.499800 -0.224100
vn 0.766400 -0.608700 -0.205500
vn 0.682900 -0.707200 -0.183100
vn 0.587700 -0.793600 -0.157500
vn 0.482500 -0.866300 -0.129300
vn 0.370000 -0.923800 -0.099000
vn 0.250200 -0.965900 -0.067000
vn 0.125800 -0.991500 -0.033800
usemtl b0b0b0
s 1
f 583/663/570 608/664/571 584/665/572
f 584/665/572 608/664/571 609/666/573 585/667/574
f 585/667/574 609/666/573 610/668/575 586/669/576
f 586/669/576 610/668/575 611/670/577 587/671/578
f 587/671/578 611/670/577 612/672/579 588/673/580
f 588/673/580 612/672/579 613/674/581 589/675/582
f 589/675/582 613/674/581 614/676/583 590/677/584
f 590/677/584 614/676/583 615/678/585 591/679/586
f 591/679/586 615/678/585 616/680/587 592/681/588
f 592/681/588 616/680/587 617/682/589 593/683/590
f 593/683/590 617/682/589 618/684/591 594/685/592
f 594/685/592 618/684/591 619/686/593 595/687/594
f 595/687/594 619/686/593 620/688/595 596/689/596
f 596/689/596 620/688/595 621/690/597 597/691/598
f 597/691/598 621/690/597 622/692/599 598/693/600
f 598/693/600 622/692/599 623/694/601 599/695/602
f 599/695/602 623/694/601 624/696/603 600/697/604
f 600/697/604 624/696/603 625/698/605 601/699/606
f 601/699/606 625/698/605 626/700/607 602/701/608
f 602/701/608 626/700/607 627/702/609 603/703/610
f 603/703/610 627/702/609 628/704/611 604/705/612
f 604/705/612 628/704/611 629/706/613 605/707/614
f 605/707/614 629/706/613 630/708/615 606/709/616
f 606/709/616 630/708/615 607/710/617
f 583/711/570 631/712/618 608/664/571
f 608/664/571 631/712/618 632/713/619 609/666/573
f 609/666/573 632/713/619 633/714/620 610/668/575
f 610/668/575 633/714/620 634/715/621 611/670/577
f 611/670/577 634/715/621 635/716/622 612/672/579
f 612/672/579 635/716/622 636/717/623 613/674/581
f 613/674/581 636/717/623 637/718/624 614/676/583
f 614/676/583 637/718/624 638/719/625 615/678/585
f 615/678/585 638/719/625 639/720/626 616/680/587
f 616/680/587 639/720/626 640/721/627 617/682/589
f 617/682/589 640/721/627 641/722/628 618/684/591
f 618/684/591 641/722/628 642/723/629 619/686/593
f 619/686/593 642/723/629 643/724/630 620/688/595
f 620/688/595 643/724/630 644/725/631 621/690/597
f 621/690/597 644/725/631 645/726/632 622/692/599
f 622/692/599 645/726/632 646/727/633 623/694/601
f 623/694/601 646/727/633 647/728/634 624/696/603
f 624/696/603 647/728/634 648/729/635 625/698/605
f 625/698/605 648/729/635 649/730/636 626/700/607
f 626/700/607 649/730/636 650/731/637 627/702/609
f 627/702/609 650/731/637 651/732/638 628/704/611
f 628/704/611 651/732/638 652/733/639 629/706/613
f 629/706/613 652/733/639 653/734/640 630/708/615
f 630/708/615 653/734/640 607/735/617
f 583/736/570 654/737/641 631/712/618
f 631/712/618 654/737/641 655/738/642 632/713/619
f 632/713/619 655/738/642 656/739/643 633/714/620
f 633/714/620 656/739/643 657/740/644 634/715/621
f 634/715/621 657/740/644 658/741/645 635/716/622
f 635/716/622 658/741/645 659/742/646 636/717/623
f 636/717/623 659/742/646 660/743/647 637/718/624
f 637/718/624 660/743/647 661/744/648 638/719/625
f 638/719/625 661/744/648 662/745/649 639/720/626
f 639/720/626 662/745/649 663/746/650 640/721/627
f 640/721/627 663/746/650 664/747/651 641/722/628
f 641/722/628 664/747/651 665/748/652 642/723/629
f 642/723/629 665/748/652 666/749/653 643/724/630
f 643/724/630 666/749/653 667/750/654 644/725/631
f 644/725/631 667/750/654 668/751/655 645/726/632
f 645/726/632 668/751/655 669/752/656 646/727/633
f 646/727/633 669/752/656 670/753/657 647/728/634
f 647/728/634 670/753/657 671/754/658 648/729/635
f 648/729/635 671/754/658 672/755/659 649/730/636
f 649/730/636 672/755/659 673/756/660 650/731/637
f 650/731/637 673/756/660 674/757/661 651/732/638
f 651/732/638 674/757/661 675/758/662 652/733/639
f 652/733/639 675/758/662 676/759/663 653/734/640
f 653/734/640 676/759/663 607/760/617
f 583/761/570 677/762/664 654/737/641
f 654/737/641 677/762/664 678/763/665 655/738/642
f 655/738/642 678/763/665 679/764/666 656/739/643
f 656/739/643 679/764/666 680/765/667 657/740/644
f 657/740/644 680/765/667 681/766/668 658/741/645
f 658/741/645 681/766/668 682/767/669 659/742/646
f 659/742/646 682/767/669 683/768/670 660/743/647
f 660/743/647 683/768/670 684/769/671 661/744/648
f 661/744/648 684/769/671 685/770/672 662/745/649
f 662/745/649 685/770/672 686/771/673 663/746/650
f 663/746/650 686/771/673 687/772/674 664/747/651
f 664/747/651 687/772/674 688/773/675 665/748/652
f 665/748/652 688/773/675 689/774/676 666/749/653
f 666/749/653 689/774/676 690/775/677 667/750/654
f 667/750/654 690/775/677 691/776/678 668/751/655
f 668/751/655 691/776/678 692/777/679 669/752/656
f 669/752/656 692/777/679 693/778/680 670/753/657
f 670/753/657 693/778/680 694/779/681 671/754/658
f 671/754/658 694/779/681 695/780/682 672/755/659
f 672/755/659 695/780/682 696/781/683 673/756/660
f 673/756/660 696/781/683 697/782/684 674/757/661
f 674/757/661 697/782/684 698/783/685 675/758/662
f 675/758/662 698/783/685 699/784/686 676/759/663
f 676/759/663 699/784/686 607/785/617
f 583/786/570 700/787/687 677/762/664
f 677/762/664 700/787/687 701/788/688 678/763/665
f 678/763/665 701/788/688 702/789/689 679/764/666
f 679/764/666 702/789/689 703/790/690 680/765/667
f 680/765/667 703/790/690 704/791/691 681/766/668
f 681/766/668 704/791/691 705/792/692 682/767/669
f 682/767/669 705/792/692 706/793/693 683/768/670
f 683/768/670 706/793/693 707/794/694 684/769/671
f 684/769/671 707/794/694 708/795/695 685/770/672
f 685/770/672 708/795/695 709/796/696 686/771/673
f 686/771/673 709/796/696 710/797/697 687/772/674
f 687/772/674 710/797/697 711/798/698 688/773/675
f 688/773/675 711/798/698 712/799/699 689/774/676
f 689/774/676 712/799/699 713/800/700 690/775/677
f 690/775/677 713/800/700 714/801/701 691/776/678
f 691/776/678 714/801/701 715/802/702 692/777/679
f 692/777/679 715/802/702 716/803/703 693/778/680
f 693/778/680 716/803/703 717/804/704 694/779/681
f 694/779/681 717/804/704 718/805/705 695/780/682
f 695/780/682 718/805/705 719/806/706 696/781/683
f 696/781/683 719/806/706 720/807/707 697/782/684
f 697/782/684 720/807/707 721/808/708 698/783/685
f 698/783/685 721/808/708 722/809/709 699/784/686
f 699/784/686 722/809/709 607/810/617
f 583/811/570 723/812/710 700/787/687
f 700/787/687 723/812/710 724/813/711 701/788/688
f 701/788/688 724/813/711 725/814/712 702/789/689
f 702/789/689 725/814/712 726/815/713 703/790/690
f 703/790/690 726/815/713 727/816/714 704/791/691
f 704/791/691 727/816/714 728/817/715 705/792/692
f 705/792/692 728/817/715 729/818/716 706/793/693
f 706/793/693 729/818/716 730/819/717 707/794/694
f 707/794/694 730/819/717 731/820/718 708/795/695
f 708/795/695 731/820/718 732/821/719 709/796/696
f 709/796/696 732/821/719 733/822/720 710/797/697
f 710/797/697 733/822/720 734/823/721 711/798/698
f 711/798/698 734/823/721 735/824/722 712/799/699
f 712/799/699 735/824/722 736/825/723 713/800/700
f 713/800/700 736/825/723 737/826/724 714/801/701
f 714/801/701 737/826/724 738/827/725 715/802/702
f 715/802/702 738/827/725 739/828/726 716/803/703
f 716/803/703 739/828/726 740/829/727 717/804/704
f 717/804/704 740/829/727 741/830/728 718/805/705
f 718/805/705 741/830/728 742/831/729 719/806/706
f 719/806/706 742/831/729 743/832/730 720/807/707
f 720/807/707 743/832/730 744/833/731 721/808/708
f 721/808/708 744/833/731 745/834/732 722/809/709
f 722/809/709 745/834/732 607/835/617
f 583/836/570 746/837/733 723/812/710
f 723/812/710 746/837/733 747/838/734 724/813/711
f 724/813/711 747/838/734 748/839/735 725/814/712
f 725/814/712 748/839/735 749/840/736 726/815/713
f 726/815/713 749/840/736 750/841/737 727/816/714
f 727/816/714 750/841/737 751/842/738 728/817/715
f 728/817/715 751/842/738 752/843/739 729/818/716
f 729/818/716 752/843/739 753/844/740 730/819/717
f 730/819/717 753/844/740 754/845/741 731/820/718
f 731/820/718 754/845/741 755/846/742 732/821/719
f 732/821/719 755/846/742 756/847/743 733/822/720
f 733/822/720 756/847/743 757/848/744 734/823/721
f 734/823/721 757/848/744 758/849/745 735/824/722
f 735/824/722 758/849/745 759/850/746 736/825/723
f 736/825/723 759/850/746 760/851/747 737/826/724
f 737/826/724 760/851/747 761/852/748 738/827/725
f 738/827/725 761/852/748 762/853/749 739/828/726
f 739/828/726 762/853/749 763/854/750 740/829/727
f 740/829/727 763/854/750 764/855/751 741/830/728
f 741/830/728 764/855/751 765/856/752 742/831/729
f 742/831/729 765/856/752 766/857/753 743/832/730
f 743/832/730 766/857/753 767/858/754 744/833/731
f 744/833/731 767/858/754 768/859/755 745/834/732
f 745/834/732 768/859/755 607/860/617
f 583/861/570 769/862/756 746/837/733
f 746/837/733 769/862/756 770/863/757 747/838/734
f 747/838/734 770/863/757 771/864/758 748/839/735
f 748/839/735 771/864/758 772/865/759 749/840/736
f 749/840/736 772/865/759 773/866/760 750/841/737
f 750/841/737 773/866/760 774/867/761 751/842/738
f 751/842/738 774/867/761 775/868/762 752/843/739
f 752/843/739 775/868/762 776/869/763 753/844/740
f 753/844/740 776/869/763 777/870/764 754/845/741
f 754/845/741 777/870/764 778/871/765 755/846/742
f 755/846/742 778/871/765 779/872/766 756/847/743
f 756/847/743 779/872/766 780/873/767 757/848/744
f 757/848/744 780/873/767 781/874/768 758/849/745
f 758/849/745 781/874/768 782/875/769 759/850/746
f 759/850/746 782/875/769 783/876/770 760/851/747
f 760/851/747 783/876/770 784/877/771 761/852/748
f 761/852/748 784/877/771 785/878/772 762/853/749
f 762/853/749 785/878/772 786/879/773 763/854/750
f 763/854/750 786/879/773 787/880/774 764/855/751
f 764/855/751 787/880/774 788/881/775 765/856/752
f 765/856/752 788/881/775 789/882/776 766/857/753
f 766/857/753 789/882/776 790/883/777 767/858/754
f 767/858/754 790/883/777 791/884/778 768/859/755
f 768/859/755 791/884/778 607/885/617
f 583/886/570 792/887/779 769/862/756
f 769/862/756 792/887/779 793/888/780 770/863/757
f 770/863/757 793/888/780 794/889/781 771/864/758
f 771/864/758 794/889/781 795/890/782 772/865/759
f 772/865/759 795/890/782 796/891/783 773/866/760
f 773/866/760 796/891/783 797/892/784 774/867/761
f 774/867/761 797/892/784 798/893/785 775/868/762
f 775/868/762 798/893/785 799/894/786 776/869/763
f 776/869/763 799/894/786 800/895/787 777/870/764
f 777/870/764 800/895/787 801/896/788 778/871/765
f 778/871/765 801/896/788 802/897/789 779/872/766
f 779/872/766 802/897/789 803/898/790 780/873/767
f 780/873/767 803/898/790 804/899/791 781/874/768
f 781/874/768 804/899/791 805/900/792 782/875/769
f 782/875/769 805/900/792 806/901/793 783/876/770
f 783/876/770 806/901/793 807/902/794 784/877/771
f 784/877/771 807/902/794 808/903/795 785/878/772
f 785/878/772 808/903/795 809/904/796 786/879/773
f 786/879/773 809/904/796 810/905/797 787/880/774
f 787/880/774 810/905/797 811/906/798 788/881/775
f 788/881/775 811/906/798 812/907/799 789/882/776
f 789/882/776 812/907/799 813/908/800 790/883/777
f 790/883/777 813/908/800 814/909/801 791/884/778
f 791/884/778 814/909/801 607/910/617
f 583/911/570 815/912/802 792/887/779
f 792/887/779 815/912/802 816/913/803 793/888/780
f 793/888/780 816/913/803 817/914/804 794/889/781
f 794/889/781 817/914/804 818/915/805 795/890/782
f 795/890/782 818/915/805 819/916/806 796/891/783
f 796/891/783 819/916/806 820/917/807 797/892/784
f 797/892/784 820/917/807 821/918/808 798/893/785
f 798/893/785 821/918/808 822/919/809 799/894/786
f 799/894/786 822/919/809 823/920/810 800/895/787
f 800/895/787 823/920/810 824/921/811 801/896/788
f 801/896/788 824/921/811 825/922/812 802/897/789
f 802/897/789 825/922/812 826/923/813 803/898/790
f 803/898/790 826/923/813 827/924/814 804/899/791
f 804/899/791 827/924/814 828/925/815 805/900/792
f 805/900/792 828/925/815 829/926/816 806/901/793
f 806/901/793 829/926/816 830/927/817 807/902/794
f 807/902/794 830/927/817 831/928/818 808/903/795
f 808/903/795 831/928/818 832/929/819 809/904/796
f 809/904/796 832/929/819 833/930/820 810/905/797
f 810/905/797 833/930/820 834/931/821 811/906/798
f 811/906/798 834/931/821 835/932/822 812/907/799
f 812/907/799 835/932/822 836/933/823 813/908/800
f 813/908/800 836/933/823 837/934/824 814/909/801
f 814/909/801 837/934/824 607/935/617
f 583/936/570 838/937/825 815/912/802
f 815/912/802 838/937/825 839/938/826 816/913/803
f 816/913/803 839/938/826 840/939/827 817/914/804
f 817/914/804 840/939/827 841/940/828 818/915/805
f 818/915/805 841/940/828 842/941/829 819/916/806
f 819/916/806 842/941/829 843/942/830 820/917/807
f 820/917/807 843/942/830 844/943/831 821/918/808
f 821/918/808 844/943/831 845/944/832 822/919/809
f 822/919/809 845/944/832 846/945/833 823/920/810
f 823/920/810 846/945/833 847/946/834 824/921/811
f 824/921/811 847/946/834 848/947/835 825/922/812
f 825/922/812 848/947/835 849/948/836 826/923/813
f 826/923/813 849/948/836 850/949/837 827/924/814
f 827/924/814 850/949/837 851/950/838 828/925/815
f 828/925/815 851/950/838 852/951/839 829/926/816
f 829/926/816 852/951/839 853/952/840 830/927/817
f 830/927/817 853/952/840 854/953/841 831/928/818
f 831/928/818 854/953/841 855/954/842 832/929/819
f 832/929/819 855/954/842 856/955/843 833/930/820
f 833/930/820 856/955/843 857/956/844 834/931/821
f 834/931/821 857/956/844 858/957/845 835/932/822
f 835/932/822 858/957/845 859/958/846 836/933/823
f 836/933/823 859/958/846 860/959/847 837/934/824
f 837/934/824 860/959/847 607/960/617
f 583/961/570 861/962/848 838/937/825
f 838/937/825 861/962/848 862/963/849 839/938/826
f 839/938/826 862/963/849 863/964/850 840/939/827
f 840/939/827 863/964/850 864/965/851 841/940/828
f 841/940/828 864/965/851 865/966/852 842/941/829
f 842/941/829 865/966/852 866/967/853 843/942/830
f 843/942/830 866/967/853 867/968/854 844/943/831
f 844/943/831 867/968/854 868/969/855 845/944/832
f 845/944/832 868/969/855 869/970/856 846/945/833
f 846/945/833 869/970/856 870/971/857 847/946/834
f 847/946/834 870/971/857 871/972/858 848/947/835
f 848/947/835 871/972/858 872/973/859 849/948/836
f 849/948/836 872/973/859 873/974/860 850/949/837
f 850/949/837 873/974/860 874/975/861 851/950/838
f 851/950/838 874/975/861 875/976/862 852/951/839
f 852/951/839 875/976/862 876/977/863 853/952/840
f 853/952/840 876/977/863 877/978/864 854/953/841
f 854/953/841 877/978/864 878/979/865 855/954/842
f 855/954/842 878/979/865 879/980/866 856/955/843
f 856/955/843 879/980/866 880/981/867 857/956/844
f 857/956/844 880/981/867 881/982/868 858/957/845
f 858/957/845 881/982/868 882/983/869 859/958/846
f 859/958/846 882/983/869 883/984/870 860/959/847
f 860/959/847 883/984/870 607/985/617
f 583/986/570 884/987/871 861/962/848
f 861/962/848 884/987/871 885/988/872 862/963/849
f 862/963/849 885/988/872 886/989/873 863/964/850
f 863/964/850 886/989/873 887/990/874 864/965/851
f 864/965/851 887/990/874 888/991/875 865/966/852
f 865/966/852 888/991/875 889/992/876 866/967/853
f 866/967/853 889/992/876 890/993/877 867/968/854
f 867/968/854 890/993/877 891/994/878 868/969/855
f 868/969/855 891/994/878 892/995/879 869/970/856
f 869/970/856 892/995/879 893/996/880 870/971/857
f 870/971/857 893/996/880 894/997/881 871/972/858
f 871/972/858 894/997/881 895/998/882 872/973/859
f 872/973/859 895/998/882 896/999/883 873/974/860
f 873/974/860 896/999/883 897/1000/884 874/975/861
f 874/975/861 897/1000/884 898/1001/885 875/976/862
f 875/976/862 898/1001/885 899/1002/886 876/977/863
f 876/977/863 899/1002/886 900/1003/887 877/978/864
f 877/978/864 900/1003/887 901/1004/888 878/979/865
f 878/979/865 901/1004/888 902/1005/889 879/980/866
f 879/980/866 902/1005/889 903/1006/890 880/981/867
f 880/981/867 903/1006/890 904/1007/891 881/982/868
f 881/982/868 904/1007/891 905/1008/892 882/983/869
f 882/983/869 905/1008/892 906/1009/893 883/984/870
f 883/984/870 906/1009/893 607/1010/617
f 583/1011/570 907/1012/894 884/987/871
f 884/987/871 907/1012/894 908/1013/895 885/988/872
f 885/988/872 908/1013/895 909/1014/896 886/989/873
f 886/989/873 909/1014/896 910/1015/897 887/990/874
f 887/990/874 910/1015/897 911/1016/898 888/991/875
f 888/991/875 911/1016/898 912/1017/899 889/992/876
f 889/992/876 912/1017/899 913/1018/900 890/993/877
f 890/993/877 913/1018/900 914/1019/901 891/994/878
f 891/994/878 914/1019/901 915/1020/902 892/995/879
f 892/995/879 915/1020/902 916/1021/903 893/996/880
f 893/996/880 916/1021/903 917/1022/904 894/997/881
f 894/997/881 917/1022/904 918/1023/905 895/998/882
f 895/998/882 918/1023/905 919/1024/906 896/999/883
f 896/999/883 919/1024/906 920/1025/907 897/1000/884
f 897/1000/884 920/1025/907 921/1026/908 898/1001/885
f 898/1001/885 921/1026/908 922/1027/909 899/1002/886
f 899/1002/886 922/1027/909 923/1028/910 900/1003/887
f 900/1003/887 923/1028/910 924/1029/911 901/1004/888
f 901/1004/888 924/1029/911 925/1030/912 902/1005/889
f 902/1005/889 925/1030/912 926/1031/913 903/1006/890
f 903/1006/890 926/1031/913 927/1032/914 904/1007/891
f 904/1007/891 927/1032/914 928/1033/915 905/1008/892
f 905/1008/892 928/1033/915 929/1034/916 906/1009/893
f 906/1009/893 929/1034/916 607/1035/617
f 583/1036/570 930/1037/917 907/1012/894
f 907/1012/894 930/1037/917 931/1038/918 908/1013/895
f 908/1013/895 931/1038/918 932/1039/919 909/1014/896
f 909/1014/896 932/1039/919 933/1040/920 910/1015/897
f 910/1015/897 933/1040/920 934/1041/921 911/1016/898
f 911/1016/898 934/1041/921 935/1042/922 912/1017/899
f 912/1017/899 935/1042/922 936/1043/923 913/1018/900
f 913/1018/900 936/1043/923 937/1044/924 914/1019/901
f 914/1019/901 937/1044/924 938/1045/925 915/1020/902
f 915/1020/902 938/1045/925 939/1046/926 916/1021/903
f 916/1021/903 939/1046/926 940/1047/927 917/1022/904
f 917/1022/904 940/1047/927 941/1048/928 918/1023/905
f 918/1023/905 941/1048/928 942/1049/929 919/1024/906
f 919/1024/906 942/1049/929 943/1050/930 920/1025/907
f 920/1025/907 943/1050/930 944/1051/931 921/1026/908
f 921/1026/908 944/1051/931 945/1052/932 922/1027/909
f 922/1027/909 945/1052/932 946/1053/933 923/1028/910
f 923/1028/910 946/1053/933 947/1054/934 924/1029/911
f 924/1029/911 947/1054/934 948/1055/935 925/1030/912
f 925/1030/912 948/1055/935 949/1056/936 926/1031/913
f 926/1031/913 949/1056/936 950/1057/937 927/1032/914
f 927/1032/914 950/1057/937 951/1058/938 928/1033/915
f 928/1033/915 951/1058/938 952/1059/939 929/1034/916
f 929/1034/916 952/1059/939 607/1060/617
f 583/1061/570 953/1062/940 930/1037/917
f 930/1037/917 953/1062/940 954/1063/941 931/1038/918
f 931/1038/918 954/1063/941 955/1064/942 932/1039/919
f 932/1039/919 955/1064/942 956/1065/943 933/1040/920
f 933/1040/920 956/1065/943 957/1066/944 934/1041/921
f 934/1041/921 957/1066/944 958/1067/945 935/1042/922
f 935/1042/922 958/1067/945 959/1068/946 936/1043/923
f 936/1043/923 959/1068/946 960/1069/947 937/1044/924
f 937/1044/924 960/1069/947 961/1070/948 938/1045/925
f 938/1045/925 961/1070/948 962/1071/949 939/1046/926
f 939/1046/926 962/1071/949 963/1072/950 940/1047/927
f 940/1047/927 963/1072/950 964/1073/951 941/1048/928
f 941/1048/928 964/1073/951 965/1074/952 942/1049/929
f 942/1049/929 965/1074/952 966/1075/953 943/1050/930
f 943/1050/930 966/1075/953 967/1076/954 944/1051/931
f 944/1051/931 967/1076/954 968/1077/955 945/1052/932
f 945/1052/932 968/1077/955 969/1078/956 946/1053/933
f 946/1053/933 969/1078/956 970/1079/957 947/1054/934
f 947/1054/934 970/1079/957 971/1080/958 948/1055/935
f 948/1055/935 971/1080/958 972/1081/959 949/1056/936
f 949/1056/936 972/1081/959 973/1082/960 950/1057/937
f 950/1057/937 973/1082/960 974/1083/961 951/1058/938
f 951/1058/938 974/1083/961 975/1084/962 952/1059/939
f 952/1059/939 975/1084/962 607/1085/617
f 583/1086/570 976/1087/963 953/1062/940
f 953/1062/940 976/1087/963 977/1088/964 954/1063/941
f 954/1063/941 977/1088/964 978/1089/965 955/1064/942
f 955/1064/942 978/1089/965 979/1090/966 956/1065/943
f 956/1065/943 979/1090/966 980/1091/967 957/1066/944
f 957/1066/944 980/1091/967 981/1092/968 958/1067/945
f 958/1067/945 981/1092/968 982/1093/969 959/1068/946
f 959/1068/946 982/1093/969 983/1094/970 960/1069/947
f 960/1069/947 983/1094/970 984/1095/971 961/1070/948
f 961/1070/948 984/1095/971 985/1096/972 962/1071/949
f 962/1071/949 985/1096/972 986/1097/973 963/1072/950
f 963/1072/950 986/1097/973 987/1098/974 964/1073/951
f 964/1073/951 987/1098/974 988/1099/975 965/1074/952
f 965/1074/952 988/1099/975 989/1100/976 966/1075/953
f 966/1075/953 989/1100/976 990/1101/977 967/1076/954
f 967/1076/954 990/1101/977 991/1102/978 968/1077/955
f 968/1077/955 991/1102/978 992/1103/979 969/1078/956
f 969/1078/956 992/1103/979 993/1104/980 970/1079/957
f 970/1079/957 993/1104/980 994/1105/981 971/1080/958
f 971/1080/958 994/1105/981 995/1106/982 972/1081/959
f 972/1081/959 995/1106/982 996/1107/983 973/1082/960
f 973/1082/960 996/1107/983 997/1108/984 974/1083/961
f 974/1083/961 997/1108/984 998/1109/985 975/1084/962
f 975/1084/962 998/1109/985 607/1110/617
f 583/1111/570 999/1112/986 976/1087/963
f 976/1087/963 999/1112/986 1000/1113/987 977/1088/964
f 977/1088/964 1000/1113/987 1001/1114/988 978/1089/965
f 978/1089/965 1001/1114/988 1002/1115/989 979/1090/966
f 979/1090/966 1002/1115/989 1003/1116/990 980/1091/967
f 980/1091/967 1003/1116/990 1004/1117/991 981/1092/968
f 981/1092/968 1004/1117/991 1005/1118/992 982/1093/969
f 982/1093/969 1005/1118/992 1006/1119/993 983/1094/970
f 983/1094/970 1006/1119/993 1007/1120/994 984/1095/971
f 984/1095/971 1007/1120/994 1008/1121/995 985/1096/972
f 985/1096/972 1008/1121/995 1009/1122/996 986/1097/973
f 986/1097/973 1009/1122/996 1010/1123/997 987/1098/974
f 987/1098/974 1010/1123/997 1011/1124/998 988/1099/975
f 988/1099/975 1011/1124/998 1012/1125/999 989/1100/976
f 989/1100/976 1012/1125/999 1013/1126/1000 990/1101/977
f 990/1101/977 1013/1126/1000 1014/1127/1001 991/1102/978
f 991/1102/978 1014/1127/1001 1015/1128/1002 992/1103/979
f 992/1103/979 1015/1128/1002 1016/1129/1003 993/1104/980
f 993/1104/980 1016/1129/1003 1017/1130/1004 994/1105/981
f 994/1105/981 1017/1130/1004 1018/1131/1005 995/1106/982
f 995/1106/982 1018/1131/1005 1019/1132/1006 996/1107/983
f 996/1107/983 1019/1132/1006 1020/1133/1007 997/1108/984
f 997/1108/984 1020/1133/1007 1021/1134/1008 998/1109/985
f 998/1109/985 1021/1134/1008 607/1135/617
f 583/1136/570 1022/1137/1009 999/1112/986
f 999/1112/986 1022/1137/1009 1023/1138/1010 1000/1113/987
f 1000/1113/987 1023/1138/1010 1024/1139/1011 1001/1114/988
f 1001/1114/988 1024/1139/1011 1025/1140/1012 1002/1115/989
f 1002/1115/989 1025/1140/1012 1026/1141/1013 1003/1116/990
f 1003/1116/990 1026/1141/1013 1027/1142/1014 1004/1117/991
f 1004/1117/991 1027/1142/1014 1028/1143/1015 1005/1118/992
f 1005/1118/992 1028/1143/1015 1029/1144/1016 1006/1119/993
f 1006/1119/993 1029/1144/1016 1030/1145/1017 1007/1120/994
f 1007/1120/994 1030/1145/1017 1031/1146/1018 1008/1121/995
f 1008/1121/995 1031/1146/1018 1032/1147/1019 1009/1122/996
f 1009/1122/996 1032/1147/1019 1033/1148/1020 1010/1123/997
f 1010/1123/997 1033/1148/1020 1034/1149/1021 1011/1124/998
f 1011/1124/998 1034/1149/1021 1035/1150/1022 1012/1125/999
f 1012/1125/999 1035/1150/1022 1036/1151/1023 1013/1126/1000
f 1013/1126/1000 1036/1151/1023 1037/1152/1024 1014/1127/1001
f 1014/1127/1001 1037/1152/1024 1038/1153/1025 1015/1128/1002
f 1015/1128/1002 1038/1153/1025 1039/1154/1026 1016/1129/1003
f 1016/1129/1003 1039/1154/1026 1040/1155/1027 1017/1130/1004
f 1017/1130/1004 1040/1155/1027 1041/1156/1028 1018/1131/1005
f 1018/1131/1005 1041/1156/1028 1042/1157/1029 1019/1132/1006
f 1019/1132/1006 1042/1157/1029 1043/1158/1030 1020/1133/1007
f 1020/1133/1007 1043/1158/1030 1044/1159/1031 1021/1134/1008
f 1021/1134/1008 1044/1159/1031 607/1160/617
f 583/1161/570 1045/1162/1032 1022/1137/1009
f 1022/1137/1009 1045/1162/1032 1046/1163/1033 1023/1138/1010
f 1023/1138/1010 1046/1163/1033 1047/1164/1034 1024/1139/1011
f 1024/1139/1011 1047/1164/1034 1048/1165/1035 1025/1140/1012
f 1025/1140/1012 1048/1165/1035 1049/1166/1036 1026/1141/1013
f 1026/1141/1013 1049/1166/1036 1050/1167/1037 1027/1142/1014
f 1027/1142/1014 1050/1167/1037 1051/1168/1038 1028/1143/1015
f 1028/1143/1015 1051/1168/1038 1052/1169/1039 1029/1144/1016
f 1029/1144/1016 1052/1169/1039 1053/1170/1040 1030/1145/1017
f 1030/1145/1017 1053/1170/1040 1054/1171/1041 1031/1146/1018
f 1031/1146/1018 1054/1171/1041 1055/1172/1042 1032/1147/1019
f 1032/1147/1019 1055/1172/1042 1056/1173/1043 1033/1148/1020
f 1033/1148/1020 1056/1173/1043 1057/1174/1044 1034/1149/1021
f 1034/1149/1021 1057/1174/1044 1058/1175/1045 1035/1150/1022
f 1035/1150/1022 1058/1175/1045 1059/1176/1046 1036/1151/1023
f 1036/1151/1023 1059/1176/1046 1060/1177/1047 1037/1152/1024
f 1037/1152/1024 1060/1177/1047 1061/1178/1048 1038/1153/1025
f 1038/1153/1025 1061/1178/1048 1062/1179/1049 1039/1154/1026
f 1039/1154/1026 1062/1179/1049 1063/1180/1050 1040/1155/1027
f 1040/1155/1027 1063/1180/1050 1064/1181/1051 1041/1156/1028
f 1041/1156/1028 1064/1181/1051 1065/1182/1052 1042/1157/1029
f 1042/1157/1029 1065/1182/1052 1066/1183/1053 1043/1158/1030
f 1043/1158/1030 1066/1183/1053 1067/1184/1054 1044/1159/1031
f 1044/1159/1031 1067/1184/1054 607/1185/617
f 583/1186/570 1068/1187/1055 1045/1162/1032
f 1045/1162/1032 1068/1187/1055 1069/1188/1056 1046/1163/1033
f 1046/1163/1033 1069/1188/1056 1070/1189/1057 1047/1164/1034
f 1047/1164/1034 1070/1189/1057 1071/1190/1058 1048/1165/1035
f 1048/1165/1035 1071/1190/1058 1072/1191/1059 1049/1166/1036
f 1049/1166/1036 1072/1191/1059 1073/1192/1060 1050/1167/1037
f 1050/1167/1037 1073/1192/1060 1074/1193/1061 1051/1168/1038
f 1051/1168/1038 1074/1193/1061 1075/1194/1062 1052/1169/1039
f 1052/1169/1039 1075/1194/1062 1076/1195/1063 1053/1170/1040
f 1053/1170/1040 1076/1195/1063 1077/1196/1064 1054/1171/1041
f 1054/1171/1041 1077/1196/1064 1078/1197/1065 1055/1172/1042
f 1055/1172/1042 1078/1197/1065 1079/1198/1066 1056/1173/1043
f 1056/1173/1043 1079/1198/1066 1080/1199/1067 1057/1174/1044
f 1057/1174/1044 1080/1199/1067 1081/1200/1068 1058/1175/1045
f 1058/1175/1045 1081/1200/1068 1082/1201/1069 1059/1176/1046
f 1059/1176/1046 1082/1201/1069 1083/1202/1070 1060/1177/1047
f 1060/1177/1047 1083/1202/1070 1084/1203/1071 1061/1178/1048
f 1061/1178/1048 1084/1203/1071 1085/1204/1072 1062/1179/1049
f 1062/1179/1049 1085/1204/1072 1086/1205/1073 1063/1180/1050
f 1063/1180/1050 1086/1205/1073 1087/1206/1074 1064/1181/1051
f 1064/1181/1051 1087/1206/1074 1088/1207/1075 1065/1182/1052
f 1065/1182/1052 1088/1207/1075 1089/1208/1076 1066/1183/1053
f 1066/1183/1053 1089/1208/1076 1090/1209/1077 1067/1184/1054
f 1067/1184/1054 1090/1209/1077 607/1210/617
f 583/1211/570 1091/1212/1078 1068/1187/1055
f 1068/1187/1055 1091/1212/1078 1092/1213/1079 1069/1188/1056
f 1069/1188/1056 1092/1213/1079 1093/1214/1080 1070/1189/1057
f 1070/1189/1057 1093/1214/1080 1094/1215/1081 1071/1190/1058
f 1071/1190/1058 1094/1215/1081 1095/1216/1082 1072/1191/1059
f 1072/1191/1059 1095/1216/1082 1096/1217/1083 1073/1192/1060
f 1073/1192/1060 1096/1217/1083 1097/1218/1084 1074/1193/1061
f 1074/1193/1061 1097/1218/1084 1098/1219/1085 1075/1194/1062
f 1075/1194/1062 1098/1219/1085 1099/1220/1086 1076/1195/1063
f 1076/1195/1063 1099/1220/1086 1100/1221/1087 1077/1196/1064
f 1077/1196/1064 1100/1221/1087 1101/1222/1088 1078/1197/1065
f 1078/1197/1065 1101/1222/1088 1102/1223/1089 1079/1198/1066
f 1079/1198/1066 1102/1223/1089 1103/1224/1090 1080/1199/1067
f 1080/1199/1067 1103/1224/1090 1104/1225/1091 1081/1200/1068
f 1081/1200/1068 1104/1225/1091 1105/1226/1092 1082/1201/1069
f 1082/1201/1069 1105/1226/1092 1106/1227/1093 1083/1202/1070
f 1083/1202/1070 1106/1227/1093 1107/1228/1094 1084/1203/1071
f 1084/1203/1071 1107/1228/1094 1108/1229/1095 1085/1204/1072
f 1085/1204/1072 1108/1229/1095 1109/1230/1096 1086/1205/1073
f 1086/1205/1073 1109/1230/1096 1110/1231/1097 1087/1206/1074
f 1087/1206/1074 1110/1231/1097 1111/1232/1098 1088/1207/1075
f 1088/1207/1075 1111/1232/1098 1112/1233/1099 1089/1208/1076
f 1089/1208/1076 1112/1233/1099 1113/1234/1100 1090/1209/1077
f 1090/1209/1077 1113/1234/1100 607/1235/617
f 583/1236/570 1114/1237/1101 1091/1212/1078
f 1091/1212/1078 1114/1237/1101 1115/1238/1102 1092/1213/1079
f 1092/1213/1079 1115/1238/1102 1116/1239/1103 1093/1214/1080
f 1093/1214/1080 1116/1239/1103 1117/1240/1104 1094/1215/1081
f 1094/1215/1081 1117/1240/1104 1118/1241/1105 1095/1216/1082
f 1095/1216/1082 1118/1241/1105 1119/1242/1106 1096/1217/1083
f 1096/1217/1083 1119/1242/1106 1120/1243/1107 1097/1218/1084
f 1097/1218/1084 1120/1243/1107 1121/1244/1108 1098/1219/1085
f 1098/1219/1085 1121/1244/1108 1122/1245/1109 1099/1220/1086
f 1099/1220/1086 1122/1245/1109 1123/1246/1110 1100/1221/1087
f 1100/1221/1087 1123/1246/1110 1124/1247/1111 1101/1222/1088
f 1101/1222/1088 1124/1247/1111 1125/1248/1112 1102/1223/1089
f 1102/1223/1089 1125/1248/1112 1126/1249/1113 1103/1224/1090
f 1103/1224/1090 1126/1249/1113 1127/1250/1114 1104/1225/1091
f 1104/1225/1091 1127/1250/1114 1128/1251/1115 1105/1226/1092
f 1105/1226/1092 1128/1251/1115 1129/1252/1116 1106/1227/1093
f 1106/1227/1093 1129/1252/1116 1130/1253/1117 1107/1228/1094
f 1107/1228/1094 1130/1253/1117 1131/1254/1118 1108/1229/1095
f 1108/1229/1095 1131/1254/1118 1132/1255/1119 1109/1230/1096
f 1109/1230/1096 1132/1255/1119 1133/1256/1120 1110/1231/1097
f 1110/1231/1097 1133/1256/1120 1134/1257/1121 1111/1232/1098
f 1111/1232/1098 1134/1257/1121 1135/1258/1122 1112/1233/1099
f 1112/1233/1099 1135/1258/1122 1136/1259/1123 1113/1234/1100
f 1113/1234/1100 1136/1259/1123 607/1260/617
f 583/1261/570 584/1262/572 1114/1237/1101
f 1114/1237/1101 584/1262/572 585/1263/574 1115/1238/1102
f 1115/1238/1102 585/1263/574 586/1264/576 1116/1239/1103
f 1116/1239/1103 586/1264/576 587/1265/578 1117/1240/1104
f 1117/1240/1104 587/1265/578 588/1266/580 1118/1241/1105
f 1118/1241/1105 588/1266/580 589/1267/582 1119/1242/1106
f 1119/1242/1106 589/1267/582 590/1268/584 1120/1243/1107
f 1120/1243/1107 590/1268/584 591/1269/586 1121/1244/1108
f 1121/1244/1108 591/1269/586 592/1270/588 1122/1245/1109
f 1122/1245/1109 592/1270/588 593/1271/590 1123/1246/1110
f 1123/1246/1110 593/1271/590 594/1272/592 1124/1247/1111
f 1124/1247/1111 594/1272/592 595/1273/594 1125/1248/1112
f 1125/1248/1112 595/1273/594 596/1274/596 1126/1249/1113
f 1126/1249/1113 596/1274/596 597/1275/598 1127/1250/1114
f 1127/1250/1114 597/1275/598 598/1276/600 1128/1251/1115
f 1128/1251/1115 598/1276/600 599/1277/602 1129/1252/1116
f 1129/1252/1116 599/1277/602 600/1278/604 1130/1253/1117
f 1130/1253/1117 600/1278/604 601/1279/606 1131/1254/1118
f 1131/1254/1118 601/1279/606 602/1280/608 1132/1255/1119
f 1132/1255/1119 602/1280/608 603/1281/610 1133/1256/1120
f 1133/1256/1120 603/1281/610 604/1282/612 1134/1257/1121
f 1134/1257/1121 604/1282/612 605/1283/614 1135/1258/1122
f 1135/1258/1122 605/1283/614 606/1284/616 1136/1259/1123
f 1136/1259/1123 606/1284/616 607/1285/617
o Iris
v -0.064100 0.344800 0.445500
v 0.016850 0.344800 0.445500
v 0.006005 0.385275 0.445500
v -0.023625 0.414905 0.445500
v -0.064100 0.425750 0.445500
v -0.104575 0.414905 0.445500
v -0.134205 0.385275 0.445500
v -0.145050 0.344800 0.445500
v -0.134205 0.304325 0.445500
v -0.104575 0.274695 0.445500
v -0.064100 0.263850 0.445500
v -0.023625 0.274695 0.445500
v 0.006005 0.304325 0.445500
v 0.016850 0.344800 0.445500
vt 1.000000 0.500000
vt 0.933013 0.750000
vt 0.500000 0.500000
vt 0.750000 0.933013
vt 0.500000 1.000000
vt 0.250000 0.933013
vt 0.066987 0.750000
vt 0.000000 0.500000
vt 0.066987 0.250000
vt 0.250000 0.066987
vt 0.500000 0.000000
vt 0.750000 0.066987
vt 0.933013 0.250000
vn 0.000000 0.000000 1.000000
usemtl 2a1faa
s 1
f 1138/1286/1124 1139/1287/1124 1137/1288/1124
f 1139/1287/1124 1140/1289/1124 1137/1288/1124
f 1140/1289/1124 1141/1290/1124 1137/1288/1124
f 1141/1290/1124 1142/1291/1124 1137/1288/1124
f 1142/1291/1124 1143/1292/1124 1137/1288/1124
f 1143/1292/1124 1144/1293/1124 1137/1288/1124
f 1144/1293/1124 1145/1294/1124 1137/1288/1124
f 1145/1294/1124 1146/1295/1124 1137/1288/1124
f 1146/1295/1124 1147/1296/1124 1137/1288/1124
f 1147/1296/1124 1148/1297/1124 1137/1288/1124
f 1148/1297/1124 1149/1298/1124 1137/1288/1124
f 1149/1298/1124 1150/1286/1124 1137/1288/1124
o Head
v 0.000000 0.461050 -0.000000
v 0.060213 0.457085 -0.000000
v 0.119320 0.445374 -0.000000
v 0.176398 0.425918 -0.000000
v 0.230525 0.399269 -0.000000
v 0.280687 0.365797 -0.000000
v 0.326055 0.326055 -0.000000
v 0.365797 0.280687 -0.000000
v 0.399269 0.230525 -0.000000
v 0.425918 0.176398 -0.000000
v 0.445374 0.119320 -0.000000
v 0.457085 0.060213 -0.000000
v 0.461050 0.000000 0.000000
v 0.457085 -0.060213 0.000000
v 0.445374 -0.119320 0.000000
v 0.425918 -0.176398 0.000000
v 0.399269 -0.230525 0.000000
v 0.365797 -0.280687 0.000000
v 0.326055 -0.326055 0.000000
v 0.280687 -0.365797 0.000000
v 0.230525 -0.399269 0.000000
v 0.176398 -0.425918 0.000000
v 0.119320 -0.445374 0.000000
v 0.060213 -0.457085 0.000000
v 0.000000 -0.461050 0.000000
v 0.058092 0.457085 0.015583
v 0.115263 0.445374 0.030890
v 0.170404 0.425918 0.045644
v 0.222687 0.399269 0.059660
v 0.271097 0.365797 0.072661
v 0.314897 0.326055 0.084372
v 0.353349 0.280687 0.094700
v 0.385714 0.230525 0.103367
v 0.411441 0.176398 0.110283
v 0.430160 0.119320 0.115263
v 0.441501 0.060213 0.118305
v 0.445374 0.000000 0.119320
v 0.441501 -0.060213 0.118305
v 0.430160 -0.119320 0.115263
v 0.411441 -0.176398 0.110283
v 0.385714 -0.230525 0.103367
v 0.353349 -0.280687 0.094700
v 0.314897 -0.326055 0.084372
v 0.271097 -0.365797 0.072661
v 0.222687 -0.399269 0.059660
v 0.170404 -0.425918 0.045644
v 0.115263 -0.445374 0.030890
v 0.058092 -0.457085 0.015583
v 0.052099 0.457085 0.030060
v 0.103367 0.445374 0.059660
v 0.152792 0.425918 0.088245
v 0.199635 0.399269 0.115263
v 0.243066 0.365797 0.140344
v 0.282347 0.326055 0.163027
v 0.316741 0.280687 0.182852
v 0.345787 0.230525 0.199635
v 0.368932 0.176398 0.213005
v 0.385714 0.119320 0.222687
v 0.395858 0.060213 0.228589
v 0.399269 0.000000 0.230525
v 0.395858 -0.060213 0.228589
v 0.385714 -0.119320 0.222687
v 0.368932 -0.176398 0.213005
v 0.345787 -0.230525 0.199635
v 0.316741 -0.280687 0.182852
v 0.282347 -0.326055 0.163027
v 0.243066 -0.365797 0.140344
v 0.199635 -0.399269 0.115263
v 0.152792 -0.425918 0.088245
v 0.103367 -0.445374 0.059660
v 0.052099 -0.457085 0.030060
v 0.042509 0.457085 0.042509
v 0.084372 0.445374 0.084372
v 0.124760 0.425918 0.124760
v 0.163027 0.399269 0.163027
v 0.198436 0.365797 0.198436
v 0.230525 0.326055 0.230525
v 0.258649 0.280687 0.258649
v 0.282347 0.230525 0.282347
v 0.301158 0.176398 0.301158
v 0.314897 0.119320 0.314897
v 0.323196 0.060213 0.323196
v 0.326055 0.000000 0.326055
v 0.323196 -0.060213 0.323196
v 0.314897 -0.119320 0.314897
v 0.301158 -0.176398 0.301158
v 0.282347 -0.230525 0.282347
v 0.258649 -0.280687 0.258649
v 0.230525 -0.326055 0.230525
v 0.198436 -0.365797 0.198436
v 0.163027 -0.399269 0.163027
v 0.124760 -0.425918 0.124760
v 0.084372 -0.445374 0.084372
v 0.042509 -0.457085 0.042509
v 0.030060 0.457085 0.052099
v 0.059660 0.445374 0.103367
v 0.088245 0.425918 0.152792
v 0.115263 0.399269 0.199635
v 0.140344 0.365797 0.243066
v 0.163027 0.326055 0.282347
v 0.182852 0.280687 0.316741
v 0.199635 0.230525 0.345787
v 0.213005 0.176398 0.368932
v 0.222687 0.119320 0.385714
v 0.228589 0.060213 0.395858
v 0.230525 0.000000 0.399269
v 0.228589 -0.060213 0.395858
v 0.222687 -0.119320 0.385714
v 0.213005 -0.176398 0.368932
v 0.199635 -0.230525 0.345787
v 0.182852 -0.280687 0.316741
v 0.163027 -0.326055 0.282347
v 0.140344 -0.365797 0.243066
v 0.115263 -0.399269 0.199635
v 0.088245 -0.425918 0.152792
v 0.059660 -0.445374 0.103367
v 0.030060 -0.457085 0.052099
v 0.015583 0.457085 0.058092
v 0.030890 0.445374 0.115263
v 0.045644 0.425918 0.170404
v 0.059660 0.399269 0.222687
v 0.072661 0.365797 0.271097
v 0.084372 0.326055 0.314897
v 0.094700 0.280687 0.353349
v 0.103367 0.230525 0.385714
v 0.110283 0.176398 0.411441
v 0.115263 0.119320 0.430160
v 0.118305 0.060213 0.441501
v 0.119320 0.000000 0.445374
v 0.118305 -0.060213 0.441501
v 0.115263 -0.119320 0.430160
v 0.110283 -0.176398 0.411441
v 0.103367 -0.230525 0.385714
v 0.094700 -0.280687 0.353349
v 0.084372 -0.326055 0.314897
v 0.072661 -0.365797 0.271097
v 0.059660 -0.399269 0.222687
v 0.045644 -0.425918 0.170404
v 0.030890 -0.445374 0.115263
v 0.015583 -0.457085 0.058092
v 0.000000 0.457085 0.060213
v 0.000000 0.445374 0.119320
v 0.000000 0.425918 0.176398
v 0.000000 0.399269 0.230525
v 0.000000 0.365797 0.280687
v 0.000000 0.326055 0.326055
v 0.000000 0.280687 0.365797
v 0.000000 0.230525 0.399269
v 0.000000 0.176398 0.425918
v 0.000000 0.119320 0.445374
v 0.000000 0.060213 0.457085
v 0.000000 0.000000 0.461050
v 0.000000 -0.060213 0.457085
v 0.000000 -0.119320 0.445374
v 0.000000 -0.176398 0.425918
v 0.000000 -0.230525 0.399269
v 0.000000 -0.280687 0.365797
v 0.000000 -0.326055 0.326055
v 0.000000 -0.365797 0.280687
v 0.000000 -0.399269 0.230525
v 0.000000 -0.425918 0.176398
v 0.000000 -0.445374 0.119320
v 0.000000 -0.457085 0.060213
v -0.015583 0.457085 0.058092
v -0.030890 0.445374 0.115263
v -0.045644 0.425918 0.170404
v -0.059660 0.399269 0.222687
v -0.072661 0.365797 0.271097
v -0.084372 0.326055 0.314897
v -0.094700 0.280687 0.353349
v -0.103367 0.230525 0.385714
v -0.110283 0.176398 0.411441
v -0.115263 0.119320 0.430160
v -0.118305 0.060213 0.441501
v -0.119320 0.000000 0.445374
v -0.118305 -0.060213 0.441501
v -0.115263 -0.119320 0.430160
v -0.110283 -0.176398 0.411441
v -0.103367 -0.230525 0.385714
v -0.094700 -0.280687 0.353349
v -0.084372 -0.326055 0.314897
v -0.072661 -0.365797 0.271097
v -0.059660 -0.399269 0.222687
v -0.045644 -0.425918 0.170404
v -0.030890 -0.445374 0.115263
v -0.015583 -0.457085 0.058092
v -0.030060 0.457085 0.052099
v -0.059660 0.445374 0.103367
v -0.088245 0.425918 0.152792
v -0.115263 0.399269 0.199635
v -0.140344 0.365797 0.243066
v -0.163027 0.326055 0.282347
v -0.182852 0.280687 0.316741
v -0.199635 0.230525 0.345787
v -0.213005 0.176398 0.368932
v -0.222687 0.119320 0.385714
v -0.228589 0.060213 0.395858
v -0.230525 0.000000 0.399269
v -0.228589 -0.060213 0.395858
v -0.222687 -0.119320 0.385714
v -0.213005 -0.176398 0.368932
v -0.199635 -0.230525 0.345787
v -0.182852 -0.280687 0.316741
v -0.163027 -0.326055 0.282347
v -0.140344 -0.365797 0.243066
v -0.115263 -0.399269 0.199635
v -0.088245 -0.425918 0.152792
v -0.059660 -0.445374 0.103367
v -0.030060 -0.457085 0.052099
v -0.042509 0.457085 0.042509
v -0.084372 0.445374 0.084372
v -0.124760 0.425918 0.124760
v -0.163027 0.399269 0.163027
v -0.198436 0.365797 0.198436
v -0.230525 0.326055 0.230525
v -0.258649 0.280687 0.258649
v -0.282347 0.230525 0.282347
v -0.301158 0.176398 0.301158
v -0.314897 0.119320 0.314897
v -0.323196 0.060213 0.323196
v -0.326055 0.000000 0.326055
v -0.323196 -0.060213 0.323196
v -0.314897 -0.119320 0.314897
v -0.301158 -0.176398 0.301158
v -0.282347 -0.230525 0.282347
v -0.258649 -0.280687 0.258649
v -0.230525 -0.326055 0.230525
v -0.198436 -0.365797 0.198436
v -0.163027 -0.399269 0.163027
v -0.124760 -0.425918 0.124760
v -0.084372 -0.445374 0.084372
v -0.042509 -0.457085 0.042509
v -0.052099 0.457085 0.030060
v -0.103367 0.445374 0.059660
v -0.152792 0.425918 0.088245
v -0.199635 0.399269 0.115263
v -0.243066 0.365797 0.140344
v -0.282347 0.326055 0.163027
v -0.316741 0.280687 0.182852
v -0.345787 0.230525 0.199635
v -0.368932 0.176398 0.213005
v -0.385714 0.119320 0.222687
v -0.395858 0.060213 0.228589
v -0.399269 0.000000 0.230525
v -0.395858 -0.060213 0.228589
v -0.385714 -0.119320 0.222687
v -0.368932 -0.176398 0.213005
v -0.345787 -0.230525 0.199635
v -0.316741 -0.280687 0.182852
v -0.282347 -0.326055 0.163027
v -0.243066 -0.365797 0.140344
v -0.199635 -0.399269 0.115263
v -0.152792 -0.425918 0.088245
v -0.103367 -0.445374 0.059660
v -0.052099 -0.457085 0.030060
v -0.058092 0.457085 0.015583
v -0.115263 0.445374 0.030890
v -0.170404 0.425918 0.045644
v -0.222687 0.399269 0.059660
v -0.271097 0.365797 0.072661
v -0.314897 0.326055 0.084372
v -0.353349 0.280687 0.094700
v -0.385714 0.230525 0.103367
v -0.411441 0.176398 0.110283
v -0.430160 0.119320 0.115263
v -0.441501 0.060213 0.118305
v -0.445374 0.000000 0.119320
v -0.441501 -0.060213 0.118305
v -0.430160 -0.119320 0.115263
v -0.411441 -0.176398 0.110283
v -0.385714 -0.230525 0.103367
v -0.353349 -0.280687 0.094700
v -0.314897 -0.326055 0.084372
v -0.271097 -0.365797 0.072661
v -0.222687 -0.399269 0.059660
v -0.170404 -0.425918 0.045644
v -0.115263 -0.445374 0.030890
v -0.058092 -0.457085 0.015583
v -0.060213 0.457085 -0.000000
v -0.119320 0.445374 -0.000000
v -0.176398 0.425918 -0.000000
v -0.230525 0.399269 -0.000000
v -0.280687 0.365797 -0.000000
v -0.326055 0.326055 -0.000000
v -0.365797 0.280687 -0.000000
v -0.399269 0.230525 -0.000000
v -0.425918 0.176398 -0.000000
v -0.445374 0.119320 -0.000000
v -0.457085 0.060213 -0.000000
v -0.461050 0.000000 0.000000
v -0.457085 -0.060213 0.000000
v -0.445374 -0.119320 0.000000
v -0.425918 -0.176398 0.000000
v -0.399269 -0.230525 0.000000
v -0.365797 -0.280687 0.000000
v -0.326055 -0.326055 0.000000
v -0.280687 -0.365797 0.000000
v -0.230525 -0.399269 0.000000
v -0.176398 -0.425918 0.000000
v -0.119320 -0.445374 0.000000
v -0.060213 -0.457085 0.000000
v -0.058092 0.457085 -0.015583
v -0.115263 0.445374 -0.030890
v -0.170404 0.425918 -0.045644
v -0.222687 0.399269 -0.059660
v -0.271097 0.365797 -0.072661
v -0.314897 0.326055 -0.084372
v -0.353349 0.280687 -0.094700
v -0.385714 0.230525 -0.103367
v -0.411441 0.176398 -0.110283
v -0.430160 0.119320 -0.115263
v -0.441501 0.060213 -0.118305
v -0.445374 -0.000000 -0.119320
v -0.441501 -0.060213 -0.118305
v -0.430160 -0.119320 -0.115263
v -0.411441 -0.176398 -0.110283
v -0.385714 -0.230525 -0.103367
v -0.353349 -0.280687 -0.094700
v -0.314897 -0.326055 -0.084372
v -0.271097 -0.365797 -0.072661
v -0.222687 -0.399269 -0.059660
v -0.170404 -0.425918 -0.045644
v -0.115263 -0.445374 -0.030890
v -0.058092 -0.457085 -0.015583
v -0.052099 0.457085 -0.030060
v -0.103367 0.445374 -0.059660
v -0.152792 0.425918 -0.088245
v -0.199635 0.399269 -0.115263
v -0.243066 0.365797 -0.140344
v -0.282347 0.326055 -0.163027
v -0.316741 0.280687 -0.182852
v -0.345787 0.230525 -0.199635
v -0.368932 0.176398 -0.213005
v -0.385714 0.119320 -0.222687
v -0.395858 0.060213 -0.228589
v -0.399269 -0.000000 -0.230525
v -0.395858 -0.060213 -0.228589
v -0.385714 -0.119320 -0.222687
v -0.368932 -0.176398 -0.213005
v -0.345787 -0.230525 -0.199635
v -0.316741 -0.280687 -0.182852
v -0.282347 -0.326055 -0.163027
v -0.243066 -0.365797 -0.140344
v -0.199635 -0.399269 -0.115263
v -0.152792 -0.425918 -0.088245
v -0.103367 -0.445374 -0.059660
v -0.052099 -0.457085 -0.030060
v -0.042509 0.457085 -0.042509
v -0.084372 0.445374 -0.084372
v -0.124760 0.425918 -0.124760
v -0.163027 0.399269 -0.163027
v -0.198436 0.365797 -0.198436
v -0.230525 0.326055 -0.230525
v -0.258649 0.280687 -0.258649
v -0.282347 0.230525 -0.282347
v -0.301158 0.176398 -0.301158
v -0.314897 0.119320 -0.314897
v -0.323196 0.060213 -0.323196
v -0.326055 -0.000000 -0.326055
v -0.323196 -0.060213 -0.323196
v -0.314897 -0.119320 -0.314897
v -0.301158 -0.176398 -0.301158
v -0.282347 -0.230525 -0.282347
v -0.258649 -0.280687 -0.258649
v -0.230525 -0.326055 -0.230525
v -0.198436 -0.365797 -0.198436
v -0.163027 -0.399269 -0.163027
v -0.124760 -0.425918 -0.124760
v -0.084372 -0.445374 -0.084372
v -0.042509 -0.457085 -0.042509
v -0.030060 0.457085 -0.052099
v -0.059660 0.445374 -0.103367
v -0.088245 0.425918 -0.152792
v -0.115263 0.399269 -0.199635
v -0.140344 0.365797 -0.243066
v -0.163027 0.326055 -0.282347
v -0.182852 0.280687 -0.316741
v -0.199635 0.230525 -0.345787
v -0.213005 0.176398 -0.368932
v -0.222687 0.119320 -0.385714
v -0.228589 0.060213 -0.395858
v -0.230525 -0.000000 -0.399269
v -0.228589 -0.060213 -0.395858
v -0.222687 -0.119320 -0.385714
v -0.213005 -0.176398 -0.368932
v -0.199635 -0.230525 -0.345787
v -0.182852 -0.280687 -0.316741
v -0.163027 -0.326055 -0.282347
v -0.140344 -0.365797 -0.243066
v -0.115263 -0.399269 -0.199635
v -0.088245 -0.425918 -0.152792
v -0.059660 -0.445374 -0.103367
v -0.030060 -0.457085 -0.052099
v -0.015583 0.457085 -0.058092
v -0.030890 0.445374 -0.115263
v -0.045644 0.425918 -0.170404
v -0.059660 0.399269 -0.222687
v -0.072661 0.365797 -0.271097
v -0.084372 0.326055 -0.314897
v -0.094700 0.280687 -0.353349
v -0.103367 0.230525 -0.385714
v -0.110283 0.176398 -0.411441
v -0.115263 0.119320 -0.430160
v -0.118305 0.060213 -0.441501
v -0.119320 -0.000000 -0.445374
v -0.118305 -0.060213 -0.441501
v -0.115263 -0.119320 -0.430160
v -0.110283 -0.176398 -0.411441
v -0.103367 -0.230525 -0.385714
v -0.094700 -0.280687 -0.353349
v -0.084372 -0.326055 -0.314897
v -0.072661 -0.365797 -0.271097
v -0.059660 -0.399269 -0.222687
v -0.045644 -0.425918 -0.170404
v -0.030890 -0.445374 -0.115263
v -0.015583 -0.457085 -0.058092
v 0.000000 0.457085 -0.060213
v 0.000000 0.445374 -0.119320
v 0.000000 0.425918 -0.176398
v 0.000000 0.399269 -0.230525
v 0.000000 0.365797 -0.280687
v 0.000000 0.326055 -0.326055
v 0.000000 0.280687 -0.365797
v 0.000000 0.230525 -0.399269
v 0.000000 0.176398 -0.425918
v 0.000000 0.119320 -0.445374
v 0.000000 0.060213 -0.457085
v 0.000000 -0.000000 -0.461050
v 0.000000 -0.060213 -0.457085
v 0.000000 -0.119320 -0.445374
v 0.000000 -0.176398 -0.425918
v 0.000000 -0.230525 -0.399269
v 0.000000 -0.280687 -0.365797
v 0.000000 -0.326055 -0.326055
v 0.000000 -0.365797 -0.280687
v 0.000000 -0.399269 -0.230525
v 0.000000 -0.425918 -0.176398
v 0.000000 -0.445374 -0.119320
v 0.000000 -0.457085 -0.060213
v 0.015583 0.457085 -0.058092
v 0.030890 0.445374 -0.115263
v 0.045644 0.425918 -0.170404
v 0.059660 0.399269 -0.222687
v 0.072661 0.365797 -0.271097
v 0.084372 0.326055 -0.314897
v 0.094700 0.280687 -0.353349
v 0.103367 0.230525 -0.385714
v 0.110283 0.176398 -0.411441
v 0.115263 0.119320 -0.430160
v 0.118305 0.060213 -0.441501
v 0.119320 -0.000000 -0.445374
v 0.118305 -0.060213 -0.441501
v 0.115263 -0.119320 -0.430160
v 0.110283 -0.176398 -0.411441
v 0.103367 -0.230525 -0.385714
v 0.094700 -0.280687 -0.353349
v 0.084372 -0.326055 -0.314897
v 0.072661 -0.365797 -0.271097
v 0.059660 -0.399269 -0.222687
v 0.045644 -0.425918 -0.170404
v 0.030890 -0.445374 -0.115263
v 0.015583 -0.457085 -0.058092
v 0.030060 0.457085 -0.052099
v 0.059660 0.445374 -0.103367
v 0.088245 0.425918 -0.152792
v 0.115263 0.399269 -0.199635
v 0.140344 0.365797 -0.243066
v 0.163027 0.326055 -0.282347
v 0.182852 0.280687 -0.316741
v 0.199635 0.230525 -0.345787
v 0.213005 0.176398 -0.368932
v 0.222687 0.119320 -0.385714
v 0.228589 0.060213 -0.395858
v 0.230525 -0.000000 -0.399269
v 0.228589 -0.060213 -0.395858
v 0.222687 -0.119320 -0.385714
v 0.213005 -0.176398 -0.368932
v 0.199635 -0.230525 -0.345787
v 0.182852 -0.280687 -0.316741
v 0.163027 -0.326055 -0.282347
v 0.140344 -0.365797 -0.243066
v 0.115263 -0.399269 -0.199635
v 0.088245 -0.425918 -0.152792
v 0.059660 -0.445374 -0.103367
v 0.030060 -0.457085 -0.052099
v 0.042509 0.457085 -0.042509
v 0.084372 0.445374 -0.084372
v 0.124760 0.425918 -0.124760
v 0.163027 0.399269 -0.163027
v 0.198436 0.365797 -0.198436
v 0.230525 0.326055 -0.230525
v 0.258649 0.280687 -0.258649
v 0.282347 0.230525 -0.282347
v 0.301158 0.176398 -0.301158
v 0.314897 0.119320 -0.314897
v 0.323196 0.060213 -0.323196
v 0.326055 -0.000000 -0.326055
v 0.323196 -0.060213 -0.323196
v 0.314897 -0.119320 -0.314897
v 0.301158 -0.176398 -0.301158
v 0.282347 -0.230525 -0.282347
v 0.258649 -0.280687 -0.258649
v 0.230525 -0.326055 -0.230525
v 0.198436 -0.365797 -0.198436
v 0.163027 -0.399269 -0.163027
v 0.124760 -0.425918 -0.124760
v 0.084372 -0.445374 -0.084372
v 0.042509 -0.457085 -0.042509
v 0.052099 0.457085 -0.030060
v 0.103367 0.445374 -0.059660
v 0.152792 0.425918 -0.088245
v 0.199635 0.399269 -0.115263
v 0.243066 0.365797 -0.140344
v 0.282347 0.326055 -0.163027
v 0.316741 0.280687 -0.182852
v 0.345787 0.230525 -0.199635
v 0.368932 0.176398 -0.213005
v 0.385714 0.119320 -0.222687
v 0.395858 0.060213 -0.228589
v 0.399269 -0.000000 -0.230525
v 0.395858 -0.060213 -0.228589
v 0.385714 -0.119320 -0.222687
v 0.368932 -0.176398 -0.213005
v 0.345787 -0.230525 -0.199635
v 0.316741 -0.280687 -0.182852
v 0.282347 -0.326055 -0.163027
v 0.243066 -0.365797 -0.140344
v 0.199635 -0.399269 -0.115263
v 0.152792 -0.425918 -0.088245
v 0.103367 -0.445374 -0.059660
v 0.052099 -0.457085 -0.030060
v 0.058092 0.457085 -0.015583
v 0.115263 0.445374 -0.030890
v 0.170404 0.425918 -0.045644
v 0.222687 0.399269 -0.059660
v 0.271097 0.365797 -0.072661
v 0.314897 0.326055 -0.084372
v 0.353349 0.280687 -0.094700
v 0.385714 0.230525 -0.103367
v 0.411441 0.176398 -0.110283
v 0.430160 0.119320 -0.115263
v 0.441501 0.060213 -0.118305
v 0.445374 -0.000000 -0.119320
v 0.441501 -0.060213 -0.118305
v 0.430160 -0.119320 -0.115263
v 0.411441 -0.176398 -0.110283
v 0.385714 -0.230525 -0.103367
v 0.353349 -0.280687 -0.094700
v 0.314897 -0.326055 -0.084372
v 0.271097 -0.365797 -0.072661
v 0.222687 -0.399269 -0.059660
v 0.170404 -0.425918 -0.045644
v 0.115263 -0.445374 -0.030890
v 0.058092 -0.457085 -0.015583
vt 1.000000 1.000000
vt 0.958333 0.958333
vt 1.000000 0.958333
vt 0.958333 0.916667
vt 1.000000 0.916667
vt 0.958333 0.875000
vt 1.000000 0.875000
vt 0.958333 0.833333
vt 1.000000 0.833333
vt 0.958333 0.791667
vt 1.000000 0.791667
vt 0.958333 0.750000
vt 1.000000 0.750000
vt 0.958333 0.708333
vt 1.000000 0.708333
vt 0.958333 0.666667
vt 1.000000 0.666667
vt 0.958333 0.625000
vt 1.000000 0.625000
vt 0.958333 0.583333
vt 1.000000 0.583333
vt 0.958333 0.541667
vt 1.000000 0.541667
vt 0.958333 0.500000
vt 1.000000 0.500000
vt 0.958333 0.458333
vt 1.000000 0.458333
vt 0.958333 0.416667
vt 1.000000 0.416667
vt 0.958333 0.375000
vt 1.000000 0.375000
vt 0.958333 0.333333
vt 1.000000 0.333333
vt 0.958333 0.291667
vt 1.000000 0.291667
vt 0.958333 0.250000
vt 1.000000 0.250000
vt 0.958333 0.208333
vt 1.000000 0.208333
vt 0.958333 0.166667
vt 1.000000 0.166667
vt 0.958333 0.125000
vt 1.000000 0.125000
vt 0.958333 0.083333
vt 1.000000 0.083333
vt 0.958333 0.041667
vt 1.000000 0.041667
vt 0.958333 0.000000
vt 0.958333 1.000000
vt 0.916667 0.958333
vt 0.916667 0.916667
vt 0.916667 0.875000
vt 0.916667 0.833333
vt 0.916667 0.791667
vt 0.916667 0.750000
vt 0.916667 0.708333
vt 0.916667 0.666667
vt 0.916667 0.625000
vt 0.916667 0.583333
vt 0.916667 0.541667
vt 0.916667 0.500000
vt 0.916667 0.458333
vt 0.916667 0.416667
vt 0.916667 0.375000
vt 0.916667 0.333333
vt 0.916667 0.291667
vt 0.916667 0.250000
vt 0.916667 0.208333
vt 0.916667 0.166667
vt 0.916667 0.125000
vt 0.916667 0.083333
vt 0.916667 0.041667
vt 0.916667 0.000000
vt 0.916667 1.000000
vt 0.875000 0.958333
vt 0.875000 0.916667
vt 0.875000 0.875000
vt 0.875000 0.833333
vt 0.875000 0.791667
vt 0.875000 0.750000
vt 0.875000 0.708333
vt 0.875000 0.666667
vt 0.875000 0.625000
vt 0.875000 0.583333
vt 0.875000 0.541667
vt 0.875000 0.500000
vt 0.875000 0.458333
vt 0.875000 0.416667
vt 0.875000 0.375000
vt 0.875000 0.333333
vt 0.875000 0.291667
vt 0.875000 0.250000
vt 0.875000 0.208333
vt 0.875000 0.166667
vt 0.875000 0.125000
vt 0.875000 0.083333
vt 0.875000 0.041667
vt 0.875000 0.000000
vt 0.875000 1.000000
vt 0.833333 0.958333
vt 0.833333 0.916667
vt 0.833333 0.875000
vt 0.833333 0.833333
vt 0.833333 0.791667
vt 0.833333 0.750000
vt 0.833333 0.708333
vt 0.833333 0.666667
vt 0.833333 0.625000
vt 0.833333 0.583333
vt 0.833333 0.541667
vt 0.833333 0.500000
vt 0.833333 0.458333
vt 0.833333 0.416667
vt 0.833333 0.375000
vt 0.833333 0.333333
vt 0.833333 0.291667
vt 0.833333 0.250000
vt 0.833333 0.208333
vt 0.833333 0.166667
vt 0.833333 0.125000
vt 0.833333 0.083333
vt 0.833333 0.041667
vt 0.833333 0.000000
vt 0.833333 1.000000
vt 0.791667 0.958333
vt 0.791667 0.916667
vt 0.791667 0.875000
vt 0.791667 0.833333
vt 0.791667 0.791667
vt 0.791667 0.750000
vt 0.791667 0.708333
vt 0.791667 0.666667
vt 0.791667 0.625000
vt 0.791667 0.583333
vt 0.791667 0.541667
vt 0.791667 0.500000
vt 0.791667 0.458333
vt 0.791667 0.416667
vt 0.791667 0.375000
vt 0.791667 0.333333
vt 0.791667 0.291667
vt 0.791667 0.250000
vt 0.791667 0.208333
vt 0.791667 0.166667
vt 0.791667 0.125000
vt 0.791667 0.083333
vt 0.791667 0.041667
vt 0.791667 0.000000
vt 0.791667 1.000000
vt 0.750000 0.958333
vt 0.750000 0.916667
vt 0.750000 0.875000
vt 0.750000 0.833333
vt 0.750000 0.791667
vt 0.750000 0.750000
vt 0.750000 0.708333
vt 0.750000 0.666667
vt 0.750000 0.625000
vt 0.750000 0.583333
vt 0.750000 0.541667
vt 0.750000 0.500000
vt 0.750000 0.458333
vt 0.750000 0.416667
vt 0.750000 0.375000
vt 0.750000 0.333333
vt 0.750000 0.291667
vt 0.750000 0.250000
vt 0.750000 0.208333
vt 0.750000 0.166667
vt 0.750000 0.125000
vt 0.750000 0.083333
vt 0.750000 0.041667
vt 0.750000 0.000000
vt 0.750000 1.000000
vt 0.708333 0.958333
vt 0.708333 0.916667
vt 0.708333 0.875000
vt 0.708333 0.833333
vt 0.708333 0.791667
vt 0.708333 0.750000
vt 0.708333 0.708333
vt 0.708333 0.666667
vt 0.708333 0.625000
vt 0.708333 0.583333
vt 0.708333 0.541667
vt 0.708333 0.500000
vt 0.708333 0.458333
vt 0.708333 0.416667
vt 0.708333 0.375000
vt 0.708333 0.333333
vt 0.708333 0.291667
vt 0.708333 0.250000
vt 0.708333 0.208333
vt 0.708333 0.166667
vt 0.708333 0.125000
vt 0.708333 0.083333
vt 0.708333 0.041667
vt 0.708333 0.000000
vt 0.708333 1.000000
vt 0.666667 0.958333
vt 0.666667 0.916667
vt 0.666667 0.875000
vt 0.666667 0.833333
vt 0.666667 0.791667
vt 0.666667 0.750000
vt 0.666667 0.708333
vt 0.666667 0.666667
vt 0.666667 0.625000
vt 0.666667 0.583333
vt 0.666667 0.541667
vt 0.666667 0.500000
vt 0.666667 0.458333
vt 0.666667 0.416667
vt 0.666667 0.375000
vt 0.666667 0.333333
vt 0.666667 0.291667
vt 0.666667 0.250000
vt 0.666667 0.208333
vt 0.666667 0.166667
vt 0.666667 0.125000
vt 0.666667 0.083333
vt 0.666667 0.041667
vt 0.666667 0.000000
vt 0.666667 1.000000
vt 0.625000 0.958333
vt 0.625000 0.916667
vt 0.625000 0.875000
vt 0.625000 0.833333
vt 0.625000 0.791667
vt 0.625000 0.750000
vt 0.625000 0.708333
vt 0.625000 0.666667
vt 0.625000 0.625000
vt 0.625000 0.583333
vt 0.625000 0.541667
vt 0.625000 0.500000
vt 0.625000 0.458333
vt 0.625000 0.416667
vt 0.625000 0.375000
vt 0.625000 0.333333
vt 0.625000 0.291667
vt 0.625000 0.250000
vt 0.625000 0.208333
vt 0.625000 0.166667
vt 0.625000 0.125000
vt 0.625000 0.083333
vt 0.625000 0.041667
vt 0.625000 0.000000
vt 0.625000 1.000000
vt 0.583333 0.958333
vt 0.583333 0.916667
vt 0.583333 0.875000
vt 0.583333 0.833333
vt 0.583333 0.791667
vt 0.583333 0.750000
vt 0.583333 0.708333
vt 0.583333 0.666667
vt 0.583333 0.625000
vt 0.583333 0.583333
vt 0.583333 0.541667
vt 0.583333 0.500000
vt 0.583333 0.458333
vt 0.583333 0.416667
vt 0.583333 0.375000
vt 0.583333 0.333333
vt 0.583333 0.291667
vt 0.583333 0.250000
vt 0.583333 0.208333
vt 0.583333 0.166667
vt 0.583333 0.125000
vt 0.583333 0.083333
vt 0.583333 0.041667
vt 0.583333 0.000000
vt 0.583333 1.000000
vt 0.541667 0.958333
vt 0.541667 0.916667
vt 0.541667 0.875000
vt 0.541667 0.833333
vt 0.541667 0.791667
vt 0.541667 0.750000
vt 0.541667 0.708333
vt 0.541667 0.666667
vt 0.541667 0.625000
vt 0.541667 0.583333
vt 0.541667 0.541667
vt 0.541667 0.500000
vt 0.541667 0.458333
vt 0.541667 0.416667
vt 0.541667 0.375000
vt 0.541667 0.333333
vt 0.541667 0.291667
vt 0.541667 0.250000
vt 0.541667 0.208333
vt 0.541667 0.166667
vt 0.541667 0.125000
vt 0.541667 0.083333
vt 0.541667 0.041667
vt 0.541667 0.000000
vt 0.541667 1.000000
vt 0.500000 0.958333
vt 0.500000 0.916667
vt 0.500000 0.875000
vt 0.500000 0.833333
vt 0.500000 0.791667
vt 0.500000 0.750000
vt 0.500000 0.708333
vt 0.500000 0.666667
vt 0.500000 0.625000
vt 0.500000 0.583333
vt 0.500000 0.541667
vt 0.500000 0.500000
vt 0.500000 0.458333
vt 0.500000 0.416667
vt 0.500000 0.375000
vt 0.500000 0.333333
vt 0.500000 0.291667
vt 0.500000 0.250000
vt 0.500000 0.208333
vt 0.500000 0.166667
vt 0.500000 0.125000
vt 0.500000 0.083333
vt 0.500000 0.041667
vt 0.500000 0.000000
vt 0.500000 1.000000
vt 0.458333 0.958333
vt 0.458333 0.916667
vt 0.458333 0.875000
vt 0.458333 0.833333
vt 0.458333 0.791667
vt 0.458333 0.750000
vt 0.458333 0.708333
vt 0.458333 0.666667
vt 0.458333 0.625000
vt 0.458333 0.583333
vt 0.458333 0.541667
vt 0.458333 0.500000
vt 0.458333 0.458333
vt 0.458333 0.416667
vt 0.458333 0.375000
vt 0.458333 0.333333
vt 0.458333 0.291667
vt 0.458333 0.250000
vt 0.458333 0.208333
vt 0.458333 0.166667
vt 0.458333 0.125000
vt 0.458333 0.083333
vt 0.458333 0.041667
vt 0.458333 0.000000
vt 0.458333 1.000000
vt 0.416667 0.958333
vt 0.416667 0.916667
vt 0.416667 0.875000
vt 0.416667 0.833333
vt 0.416667 0.791667
vt 0.416667 0.750000
vt 0.416667 0.708333
vt 0.416667 0.666667
vt 0.416667 0.625000
vt 0.416667 0.583333
vt 0.416667 0.541667
vt 0.416667 0.500000
vt 0.416667 0.458333
vt 0.416667 0.416667
vt 0.416667 0.375000
vt 0.416667 0.333333
vt 0.416667 0.291667
vt 0.416667 0.250000
vt 0.416667 0.208333
vt 0.416667 0.166667
vt 0.416667 0.125000
vt 0.416667 0.083333
vt 0.416667 0.041667
vt 0.416667 0.000000
vt 0.416667 1.000000
vt 0.375000 0.958333
vt 0.375000 0.916667
vt 0.375000 0.875000
vt 0.375000 0.833333
vt 0.375000 0.791667
vt 0.375000 0.750000
vt 0.375000 0.708333
vt 0.375000 0.666667
vt 0.375000 0.625000
vt 0.375000 0.583333
vt 0.375000 0.541667
vt 0.375000 0.500000
vt 0.375000 0.458333
vt 0.375000 0.416667
vt 0.375000 0.375000
vt 0.375000 0.333333
vt 0.375000 0.291667
vt 0.375000 0.250000
vt 0.375000 0.208333
vt 0.375000 0.166667
vt 0.375000 0.125000
vt 0.375000 0.083333
vt 0.375000 0.041667
vt 0.375000 0.000000
vt 0.375000 1.000000
vt 0.333333 0.958333
vt 0.333333 0.916667
vt 0.333333 0.875000
vt 0.333333 0.833333
vt 0.333333 0.791667
vt 0.333333 0.750000
vt 0.333333 0.708333
vt 0.333333 0.666667
vt 0.333333 0.625000
vt 0.333333 0.583333
vt 0.333333 0.541667
vt 0.333333 0.500000
vt 0.333333 0.458333
vt 0.333333 0.416667
vt 0.333333 0.375000
vt 0.333333 0.333333
vt 0.333333 0.291667
vt 0.333333 0.250000
vt 0.333333 0.208333
vt 0.333333 0.166667
vt 0.333333 0.125000
vt 0.333333 0.083333
vt 0.333333 0.041667
vt 0.333333 0.000000
vt 0.333333 1.000000
vt 0.291667 0.958333
vt 0.291667 0.916667
vt 0.291667 0.875000
vt 0.291667 0.833333
vt 0.291667 0.791667
vt 0.291667 0.750000
vt 0.291667 0.708333
vt 0.291667 0.666667
vt 0.291667 0.625000
vt 0.291667 0.583333
vt 0.291667 0.541667
vt 0.291667 0.500000
vt 0.291667 0.458333
vt 0.291667 0.416667
vt 0.291667 0.375000
vt 0.291667 0.333333
vt 0.291667 0.291667
vt 0.291667 0.250000
vt 0.291667 0.208333
vt 0.291667 0.166667
vt 0.291667 0.125000
vt 0.291667 0.083333
vt 0.291667 0.041667
vt 0.291667 0.000000
vt 0.291667 1.000000
vt 0.250000 0.958333
vt 0.250000 0.916667
vt 0.250000 0.875000
vt 0.250000 0.833333
vt 0.250000 0.791667
vt 0.250000 0.750000
vt 0.250000 0.708333
vt 0.250000 0.666667
vt 0.250000 0.625000
vt 0.250000 0.583333
vt 0.250000 0.541667
vt 0.250000 0.500000
vt 0.250000 0.458333
vt 0.250000 0.416667
vt 0.250000 0.375000
vt 0.250000 0.333333
vt 0.250000 0.291667
vt 0.250000 0.250000
vt 0.250000 0.208333
vt 0.250000 0.166667
vt 0.250000 0.125000
vt 0.250000 0.083333
vt 0.250000 0.041667
vt 0.250000 0.000000
vt 0.250000 1.000000
vt 0.208333 0.958333
vt 0.208333 0.916667
vt 0.208333 0.875000
vt 0.208333 0.833333
vt 0.208333 0.791667
vt 0.208333 0.750000
vt 0.208333 0.708333
vt 0.208333 0.666667
vt 0.208333 0.625000
vt 0.208333 0.583333
vt 0.208333 0.541667
vt 0.208333 0.500000
vt 0.208333 0.458333
vt 0.208333 0.416667
vt 0.208333 0.375000
vt 0.208333 0.333333
vt 0.208333 0.291667
vt 0.208333 0.250000
vt 0.208333 0.208333
vt 0.208333 0.166667
vt 0.208333 0.125000
vt 0.208333 0.083333
vt 0.208333 0.041667
vt 0.208333 0.000000
vt 0.208333 1.000000
vt 0.166667 0.958333
vt 0.166667 0.916667
vt 0.166667 0.875000
vt 0.166667 0.833333
vt 0.166667 0.791667
vt 0.166667 0.750000
vt 0.166667 0.708333
vt 0.166667 0.666667
vt 0.166667 0.625000
vt 0.166667 0.583333
vt 0.166667 0.541667
vt 0.166667 0.500000
vt 0.166667 0.458333
vt 0.166667 0.416667
vt 0.166667 0.375000
vt 0.166667 0.333333
vt 0.166667 0.291667
vt 0.166667 0.250000
vt 0.166667 0.208333
vt 0.166667 0.166667
vt 0.166667 0.125000
vt 0.166667 0.083333
vt 0.166667 0.041667
vt 0.166667 0.000000
vt 0.166667 1.000000
vt 0.125000 0.958333
vt 0.125000 0.916667
vt 0.125000 0.875000
vt 0.125000 0.833333
vt 0.125000 0.791667
vt 0.125000 0.750000
vt 0.125000 0.708333
vt 0.125000 0.666667
vt 0.125000 0.625000
vt 0.125000 0.583333
vt 0.125000 0.541667
vt 0.125000 0.500000
vt 0.125000 0.458333
vt 0.125000 0.416667
vt 0.125000 0.375000
vt 0.125000 0.333333
vt 0.125000 0.291667
vt 0.125000 0.250000
vt 0.125000 0.208333
vt 0.125000 0.166667
vt 0.125000 0.125000
vt 0.125000 0.083333
vt 0.125000 0.041667
vt 0.125000 0.000000
vt 0.125000 1.000000
vt 0.083333 0.958333
vt 0.083333 0.916667
vt 0.083333 0.875000
vt 0.083333 0.833333
vt 0.083333 0.791667
vt 0.083333 0.750000
vt 0.083333 0.708333
vt 0.083333 0.666667
vt 0.083333 0.625000
vt 0.083333 0.583333
vt 0.083333 0.541667
vt 0.083333 0.500000
vt 0.083333 0.458333
vt 0.083333 0.416667
vt 0.083333 0.375000
vt 0.083333 0.333333
vt 0.083333 0.291667
vt 0.083333 0.250000
vt 0.083333 0.208333
vt 0.083333 0.166667
vt 0.083333 0.125000
vt 0.083333 0.083333
vt 0.083333 0.041667
vt 0.083333 0.000000
vt 0.083333 1.000000
vt 0.041667 0.958333
vt 0.041667 0.916667
vt 0.041667 0.875000
vt 0.041667 0.833333
vt 0.041667 0.791667
vt 0.041667 0.750000
vt 0.041667 0.708333
vt 0.041667 0.666667
vt 0.041667 0.625000
vt 0.041667 0.583333
vt 0.041667 0.541667
vt 0.041667 0.500000
vt 0.041667 0.458333
vt 0.041667 0.416667
vt 0.041667 0.375000
vt 0.041667 0.333333
vt 0.041667 0.291667
vt 0.041667 0.250000
vt 0.041667 0.208333
vt 0.041667 0.166667
vt 0.041667 0.125000
vt 0.041667 0.083333
vt 0.041667 0.041667
vt 0.041667 0.000000
vt 0.041667 1.000000
vt 0.000000 0.958333
vt 0.000000 0.916667
vt 0.000000 0.875000
vt 0.000000 0.833333
vt 0.000000 0.791667
vt 0.000000 0.750000
vt 0.000000 0.708333
vt 0.000000 0.666667
vt 0.000000 0.625000
vt 0.000000 0.583333
vt 0.000000 0.541667
vt 0.000000 0.500000
vt 0.000000 0.458333
vt 0.000000 0.416667
vt 0.000000 0.375000
vt 0.000000 0.333333
vt 0.000000 0.291667
vt 0.000000 0.250000
vt 0.000000 0.208333
vt 0.000000 0.166667
vt 0.000000 0.125000
vt 0.000000 0.083333
vt 0.000000 0.041667
vt 0.000000 0.000000
vn 0.000000 1.000000 0.000000
vn 0.125800 0.991500 0.033800
vn 0.130200 0.991500 -0.000000
vn 0.250200 0.965900 0.067000
vn 0.259000 0.965900 0.000000
vn 0.370000 0.923800 0.099000
vn 0.382900 0.923800 -0.000000
vn 0.482500 0.866300 0.129300
vn 0.499500 0.866300 -0.000000
vn 0.587700 0.793600 0.157500
vn 0.608400 0.793700 0.000000
vn 0.682900 0.707200 0.183100
vn 0.706900 0.707300 0.000000
vn 0.766400 0.608700 0.205500
vn 0.793500 0.608600 -0.000000
vn 0.836600 0.499800 0.224100
vn 0.866300 0.499500 0.000000
vn 0.892500 0.382600 0.238900
vn 0.923900 0.382700 -0.000000
vn 0.933100 0.258800 0.249900
vn 0.965900 0.258900 -0.000000
vn 0.957700 0.130600 0.256500
vn 0.991400 0.130600 -0.000000
vn 0.965900 0.000000 0.258800
vn 1.000000 0.000000 0.000000
vn 0.957700 -0.130600 0.256500
vn 0.991400 -0.130600 -0.000000
vn 0.933000 -0.258800 0.249900
vn 0.965900 -0.258900 -0.000000
vn 0.892500 -0.382600 0.238900
vn 0.923900 -0.382600 -0.000000
vn 0.836600 -0.499800 0.224100
vn 0.866300 -0.499500 -0.000000
vn 0.766400 -0.608700 0.205500
vn 0.793500 -0.608600 -0.000000
vn 0.682900 -0.707200 0.183100
vn 0.706900 -0.707300 -0.000000
vn 0.587700 -0.793600 0.157500
vn 0.608400 -0.793700 -0.000000
vn 0.482500 -0.866300 0.129300
vn 0.499500 -0.866300 -0.000000
vn 0.370000 -0.923800 0.099000
vn 0.382900 -0.923800 0.000000
vn 0.250200 -0.965900 0.067000
vn 0.259000 -0.965900 -0.000000
vn 0.125800 -0.991500 0.033800
vn 0.130200 -0.991500 0.000000
vn -0.000000 -1.000000 0.000000
vn 0.112700 0.991500 0.065200
vn 0.224200 0.965900 0.129400
vn 0.331700 0.923800 0.191400
vn 0.432700 0.866200 0.249800
vn 0.526900 0.793600 0.304300
vn 0.612300 0.707100 0.353600
vn 0.687100 0.608600 0.396800
vn 0.749900 0.500000 0.433200
vn 0.800000 0.382700 0.462100
vn 0.836500 0.258800 0.483000
vn 0.858600 0.130700 0.495700
vn 0.866100 0.000000 0.499900
vn 0.858600 -0.130700 0.495700
vn 0.836500 -0.258800 0.483000
vn 0.800000 -0.382600 0.462100
vn 0.749900 -0.500000 0.433100
vn 0.687100 -0.608600 0.396800
vn 0.612300 -0.707100 0.353600
vn 0.526900 -0.793600 0.304300
vn 0.432700 -0.866200 0.249800
vn 0.331700 -0.923700 0.191500
vn 0.224200 -0.965900 0.129400
vn 0.112700 -0.991500 0.065100
vn 0.092000 0.991500 0.092000
vn 0.183100 0.965900 0.183100
vn 0.270800 0.923800 0.270800
vn 0.353400 0.866200 0.353400
vn 0.430200 0.793600 0.430200
vn 0.500000 0.707100 0.500000
vn 0.561100 0.608600 0.561100
vn 0.612400 0.499900 0.612400
vn 0.653300 0.382700 0.653300
vn 0.683000 0.258800 0.683000
vn 0.701100 0.130600 0.701100
vn 0.707100 0.000000 0.707100
vn 0.701100 -0.130600 0.701100
vn 0.683000 -0.258800 0.683000
vn 0.653300 -0.382700 0.653300
vn 0.612400 -0.500000 0.612400
vn 0.561100 -0.608600 0.561100
vn 0.500000 -0.707100 0.500000
vn 0.430200 -0.793600 0.430200
vn 0.353400 -0.866200 0.353400
vn 0.270800 -0.923800 0.270800
vn 0.183100 -0.965900 0.183100
vn 0.092100 -0.991500 0.092100
vn 0.065100 0.991500 0.112700
vn 0.129400 0.965900 0.224200
vn 0.191400 0.923800 0.331700
vn 0.249800 0.866200 0.432700
vn 0.304300 0.793600 0.526900
vn 0.353600 0.707100 0.612400
vn 0.396800 0.608600 0.687100
vn 0.433200 0.500000 0.749900
vn 0.462100 0.382700 0.800000
vn 0.483100 0.258700 0.836500
vn 0.495700 0.130800 0.858600
vn 0.499900 0.000000 0.866100
vn 0.495700 -0.130700 0.858600
vn 0.483100 -0.258700 0.836500
vn 0.462100 -0.382700 0.800000
vn 0.433200 -0.500000 0.749900
vn 0.396800 -0.608700 0.687100
vn 0.353600 -0.707100 0.612300
vn 0.304300 -0.793600 0.526900
vn 0.249800 -0.866200 0.432700
vn 0.191400 -0.923800 0.331700
vn 0.129400 -0.965900 0.224200
vn 0.065100 -0.991500 0.112700
vn 0.033800 0.991500 0.125800
vn 0.067000 0.965900 0.250200
vn 0.099000 0.923800 0.370000
vn 0.129300 0.866300 0.482500
vn 0.157500 0.793600 0.587700
vn 0.183100 0.707200 0.682900
vn 0.205500 0.608700 0.766400
vn 0.224100 0.499800 0.836600
vn 0.238900 0.382600 0.892500
vn 0.249900 0.258900 0.933000
vn 0.256500 0.130600 0.957700
vn 0.258800 -0.000000 0.965900
vn 0.256500 -0.130600 0.957700
vn 0.249900 -0.258700 0.933100
vn 0.238900 -0.382600 0.892500
vn 0.224100 -0.499800 0.836600
vn 0.205500 -0.608700 0.766400
vn 0.183100 -0.707200 0.682900
vn 0.157500 -0.793600 0.587700
vn 0.129300 -0.866300 0.482500
vn 0.099000 -0.923800 0.370000
vn 0.067000 -0.965900 0.250200
vn 0.033800 -0.991500 0.125800
vn -0.000000 0.991500 0.130200
vn -0.000000 0.965900 0.259000
vn -0.000000 0.923800 0.382900
vn 0.000000 0.866300 0.499500
vn 0.000000 0.793700 0.608400
vn 0.000000 0.707300 0.706900
vn 0.000000 0.608600 0.793500
vn 0.000000 0.499400 0.866300
vn 0.000000 0.382600 0.923900
vn -0.000000 0.258900 0.965900
vn -0.000000 0.130600 0.991400
vn 0.000000 0.000000 1.000000
vn -0.000000 -0.130600 0.991400
vn -0.000000 -0.258900 0.965900
vn 0.000000 -0.382700 0.923900
vn 0.000000 -0.499500 0.866300
vn 0.000000 -0.608600 0.793500
vn 0.000000 -0.707300 0.706900
vn 0.000000 -0.793700 0.608400
vn 0.000000 -0.866300 0.499500
vn -0.000000 -0.923800 0.382900
vn -0.000000 -0.965900 0.259000
vn -0.000000 -0.991500 0.130200
vn -0.033800 0.991500 0.125800
vn -0.067000 0.965900 0.250200
vn -0.099000 0.923800 0.370000
vn -0.129300 0.866300 0.482500
vn -0.157500 0.793600 0.587700
vn -0.183100 0.707200 0.682900
vn -0.205500 0.608700 0.766400
vn -0.224100 0.499800 0.836600
vn -0.238900 0.382600 0.892500
vn -0.249900 0.258700 0.933100
vn -0.256500 0.130600 0.957700
vn -0.258800 -0.000000 0.965900
vn -0.256500 -0.130600 0.957700
vn -0.249900 -0.258800 0.933000
vn -0.238900 -0.382600 0.892500
vn -0.224100 -0.499800 0.836600
vn -0.205500 -0.608700 0.766400
vn -0.183100 -0.707200 0.682900
vn -0.157500 -0.793600 0.587700
vn -0.129300 -0.866300 0.482500
vn -0.099000 -0.923800 0.370000
vn -0.067000 -0.965900 0.250200
vn -0.033800 -0.991500 0.125800
vn -0.065100 0.991500 0.112700
vn -0.129400 0.965900 0.224200
vn -0.191400 0.923800 0.331700
vn -0.249800 0.866200 0.432700
vn -0.304300 0.793600 0.526900
vn -0.353600 0.707100 0.612300
vn -0.396800 0.608700 0.687100
vn -0.433200 0.500000 0.749900
vn -0.462100 0.382600 0.800000
vn -0.483100 0.258700 0.836500
vn -0.495700 0.130700 0.858600
vn -0.499900 0.000000 0.866100
vn -0.495700 -0.130700 0.858600
vn -0.483100 -0.258700 0.836500
vn -0.462100 -0.382700 0.800000
vn -0.433100 -0.500000 0.749900
vn -0.396800 -0.608700 0.687100
vn -0.353600 -0.707100 0.612300
vn -0.304300 -0.793600 0.526900
vn -0.249800 -0.866200 0.432700
vn -0.191500 -0.923700 0.331700
vn -0.129400 -0.965900 0.224200
vn -0.065200 -0.991500 0.112700
vn -0.092000 0.991500 0.092000
vn -0.183100 0.965900 0.183100
vn -0.270800 0.923800 0.270800
vn -0.353400 0.866200 0.353400
vn -0.430200 0.793600 0.430200
vn -0.500000 0.707100 0.500000
vn -0.561100 0.608600 0.561100
vn -0.612400 0.499900 0.612400
vn -0.653300 0.382700 0.653300
vn -0.683000 0.258800 0.683000
vn -0.701100 0.130600 0.701100
vn -0.707100 0.000000 0.707100
vn -0.701100 -0.130600 0.701100
vn -0.683000 -0.258800 0.683000
vn -0.653300 -0.382700 0.653300
vn -0.612400 -0.499900 0.612400
vn -0.561100 -0.608600 0.561100
vn -0.500000 -0.707100 0.500000
vn -0.430200 -0.793600 0.430200
vn -0.353400 -0.866200 0.353400
vn -0.270800 -0.923800 0.270800
vn -0.183100 -0.965900 0.183100
vn -0.092000 -0.991500 0.092000
vn -0.112700 0.991500 0.065200
vn -0.224200 0.965900 0.129400
vn -0.331700 0.923800 0.191400
vn -0.432700 0.866200 0.249800
vn -0.526900 0.793600 0.304300
vn -0.612300 0.707100 0.353600
vn -0.687100 0.608600 0.396800
vn -0.749900 0.500000 0.433100
vn -0.800000 0.382700 0.462100
vn -0.836500 0.258700 0.483100
vn -0.858600 0.130700 0.495700
vn -0.866100 0.000000 0.499900
vn -0.858600 -0.130600 0.495700
vn -0.836500 -0.258700 0.483100
vn -0.800000 -0.382700 0.462100
vn -0.749900 -0.500000 0.433200
vn -0.687100 -0.608600 0.396800
vn -0.612300 -0.707100 0.353600
vn -0.526900 -0.793600 0.304300
vn -0.432700 -0.866200 0.249800
vn -0.331700 -0.923700 0.191500
vn -0.224200 -0.965900 0.129400
vn -0.112700 -0.991500 0.065100
vn -0.125800 0.991500 0.033800
vn -0.250200 0.965900 0.067000
vn -0.370000 0.923800 0.099000
vn -0.482500 0.866300 0.129300
vn -0.587700 0.793600 0.157500
vn -0.682900 0.707200 0.183100
vn -0.766400 0.608700 0.205500
vn -0.836600 0.499800 0.224100
vn -0.892500 0.382600 0.238900
vn -0.933100 0.258700 0.249900
vn -0.957700 0.130600 0.256500
vn -0.965900 0.000000 0.258800
vn -0.957700 -0.130600 0.256500
vn -0.933000 -0.258800 0.249900
vn -0.892500 -0.382600 0.238900
vn -0.836600 -0.499800 0.224100
vn -0.766400 -0.608700 0.205500
vn -0.682900 -0.707200 0.183100
vn -0.587700 -0.793600 0.157500
vn -0.482500 -0.866300 0.129300
vn -0.370000 -0.923800 0.099000
vn -0.250200 -0.965900 0.067000
vn -0.125800 -0.991500 0.033800
vn -0.130200 0.991500 -0.000000
vn -0.259000 0.965900 -0.000000
vn -0.382900 0.923800 -0.000000
vn -0.499500 0.866300 0.000000
vn -0.608400 0.793700 0.000000
vn -0.706900 0.707300 0.000000
vn -0.793500 0.608600 0.000000
vn -0.866300 0.499500 0.000000
vn -0.923900 0.382600 0.000000
vn -0.965900 0.258900 -0.000000
vn -0.991400 0.130600 -0.000000
vn -1.000000 0.000000 0.000000
vn -0.991400 -0.130600 -0.000000
vn -0.965900 -0.258900 -0.000000
vn -0.923900 -0.382700 0.000000
vn -0.866300 -0.499500 0.000000
vn -0.793500 -0.608600 0.000000
vn -0.706900 -0.707300 0.000000
vn -0.608400 -0.793700 0.000000
vn -0.499500 -0.866300 0.000000
vn -0.382900 -0.923800 -0.000000
vn -0.259000 -0.965900 -0.000000
vn -0.130200 -0.991500 -0.000000
vn -0.125800 0.991500 -0.033800
vn -0.250200 0.965900 -0.067000
vn -0.370000 0.923800 -0.099000
vn -0.482500 0.866300 -0.129300
vn -0.587700 0.793600 -0.157500
vn -0.682900 0.707200 -0.183100
vn -0.766400 0.608700 -0.205500
vn -0.836600 0.499800 -0.224100
vn -0.892500 0.382600 -0.238900
vn -0.933100 0.258800 -0.249900
vn -0.957700 0.130600 -0.256500
vn -0.965900 0.000000 -0.258800
vn -0.957700 -0.130600 -0.256500
vn -0.933000 -0.258800 -0.249900
vn -0.892500 -0.382600 -0.238900
vn -0.836600 -0.499800 -0.224100
vn -0.766400 -0.608700 -0.205500
vn -0.682900 -0.707200 -0.183100
vn -0.587700 -0.793600 -0.157500
vn -0.482500 -0.866300 -0.129300
vn -0.370000 -0.923800 -0.099000
vn -0.250200 -0.965900 -0.067000
vn -0.125800 -0.991500 -0.033800
vn -0.112700 0.991500 -0.065200
vn -0.224200 0.965900 -0.129400
vn -0.331700 0.923800 -0.191400
vn -0.432700 0.866200 -0.249800
vn -0.526900 0.793600 -0.304300
vn -0.612300 0.707100 -0.353600
vn -0.687100 0.608600 -0.396800
vn -0.749900 0.500000 -0.433200
vn -0.800000 0.382700 -0.462100
vn -0.836500 0.258800 -0.483000
vn -0.858600 0.130700 -0.495700
vn -0.866100 0.000000 -0.499900
vn -0.858600 -0.130700 -0.495700
vn -0.836500 -0.258800 -0.483000
vn -0.800000 -0.382600 -0.462100
vn -0.749900 -0.500000 -0.433100
vn -0.687100 -0.608600 -0.396800
vn -0.612300 -0.707100 -0.353600
vn -0.526900 -0.793600 -0.304300
vn -0.432700 -0.866200 -0.249800
vn -0.331700 -0.923700 -0.191500
vn -0.224200 -0.965900 -0.129400
vn -0.112700 -0.991500 -0.065100
vn -0.092000 0.991500 -0.092000
vn -0.183100 0.965900 -0.183100
vn -0.270800 0.923800 -0.270800
vn -0.353400 0.866200 -0.353400
vn -0.430200 0.793600 -0.430200
vn -0.500000 0.707100 -0.500000
vn -0.561100 0.608600 -0.561100
vn -0.612400 0.499900 -0.612400
vn -0.653300 0.382700 -0.653300
vn -0.683000 0.258800 -0.683000
vn -0.701100 0.130600 -0.701100
vn -0.707100 0.000000 -0.707100
vn -0.701100 -0.130600 -0.701100
vn -0.683000 -0.258800 -0.683000
vn -0.653300 -0.382700 -0.653300
vn -0.612400 -0.500000 -0.612400
vn -0.561100 -0.608600 -0.561100
vn -0.500000 -0.707100 -0.500000
vn -0.430200 -0.793600 -0.430200
vn -0.353400 -0.866200 -0.353400
vn -0.270800 -0.923800 -0.270800
vn -0.183100 -0.965900 -0.183100
vn -0.092100 -0.991500 -0.092100
vn -0.065100 0.991500 -0.112700
vn -0.129400 0.965900 -0.224200
vn -0.191400 0.923800 -0.331700
vn -0.249800 0.866200 -0.432700
vn -0.304300 0.793600 -0.526900
vn -0.353600 0.707100 -0.612400
vn -0.396800 0.608600 -0.687100
vn -0.433200 0.500000 -0.749900
vn -0.462100 0.382700 -0.800000
vn -0.483100 0.258700 -0.836500
vn -0.495700 0.130800 -0.858600
vn -0.499900 0.000000 -0.866100
vn -0.495700 -0.130700 -0.858600
vn -0.483100 -0.258700 -0.836500
vn -0.462100 -0.382700 -0.800000
vn -0.433200 -0.500000 -0.749900
vn -0.396800 -0.608700 -0.687100
vn -0.353600 -0.707100 -0.612300
vn -0.304300 -0.793600 -0.526900
vn -0.249800 -0.866200 -0.432700
vn -0.191400 -0.923800 -0.331700
vn -0.129400 -0.965900 -0.224200
vn -0.065100 -0.991500 -0.112700
vn -0.033800 0.991500 -0.125800
vn -0.067000 0.965900 -0.250200
vn -0.099000 0.923800 -0.370000
vn -0.129300 0.866300 -0.482500
vn -0.157500 0.793600 -0.587700
vn -0.183100 0.707200 -0.682900
vn -0.205500 0.608700 -0.766400
vn -0.224100 0.499800 -0.836600
vn -0.238900 0.382600 -0.892500
vn -0.249900 0.258900 -0.933000
vn -0.256500 0.130600 -0.957700
vn -0.258800 -0.000000 -0.965900
vn -0.256500 -0.130600 -0.957700
vn -0.249900 -0.258700 -0.933100
vn -0.238900 -0.382600 -0.892500
vn -0.224100 -0.499800 -0.836600
vn -0.205500 -0.608700 -0.766400
vn -0.183100 -0.707200 -0.682900
vn -0.157500 -0.793600 -0.587700
vn -0.129300 -0.866300 -0.482500
vn -0.099000 -0.923800 -0.370000
vn -0.067000 -0.965900 -0.250200
vn -0.033800 -0.991500 -0.125800
vn 0.000000 0.991500 -0.130200
vn 0.000000 0.965900 -0.259000
vn 0.000000 0.923800 -0.382900
vn -0.000000 0.866300 -0.499500
vn -0.000000 0.793700 -0.608400
vn -0.000000 0.707300 -0.706900
vn -0.000000 0.608600 -0.793500
vn -0.000000 0.499400 -0.866300
vn -0.000000 0.382600 -0.923900
vn 0.000000 0.258900 -0.965900
vn 0.000000 0.130600 -0.991400
vn 0.000000 0.000000 -1.000000
vn 0.000000 -0.130600 -0.991400
vn 0.000000 -0.258900 -0.965900
vn -0.000000 -0.382700 -0.923900
vn -0.000000 -0.499500 -0.866300
vn -0.000000 -0.608600 -0.793500
vn -0.000000 -0.707300 -0.706900
vn -0.000000 -0.793700 -0.608400
vn -0.000000 -0.866300 -0.499500
vn 0.000000 -0.923800 -0.382900
vn 0.000000 -0.965900 -0.259000
vn 0.000000 -0.991500 -0.130200
vn 0.033800 0.991500 -0.125800
vn 0.067000 0.965900 -0.250200
vn 0.099000 0.923800 -0.370000
vn 0.129300 0.866300 -0.482500
vn 0.157500 0.793600 -0.587700
vn 0.183100 0.707200 -0.682900
vn 0.205500 0.608700 -0.766400
vn 0.224100 0.499800 -0.836600
vn 0.238900 0.382600 -0.892500
vn 0.249900 0.258700 -0.933100
vn 0.256500 0.130600 -0.957700
vn 0.258800 -0.000000 -0.965900
vn 0.256500 -0.130600 -0.957700
vn 0.249900 -0.258800 -0.933000
vn 0.238900 -0.382600 -0.892500
vn 0.224100 -0.499800 -0.836600
vn 0.205500 -0.608700 -0.766400
vn 0.183100 -0.707200 -0.682900
vn 0.157500 -0.793600 -0.587700
vn 0.129300 -0.866300 -0.482500
vn 0.099000 -0.923800 -0.370000
vn 0.067000 -0.965900 -0.250200
vn 0.033800 -0.991500 -0.125800
vn 0.065100 0.991500 -0.112700
vn 0.129400 0.965900 -0.224200
vn 0.191400 0.923800 -0.331700
vn 0.249800 0.866200 -0.432700
vn 0.304300 0.793600 -0.526900
vn 0.353600 0.707100 -0.612300
vn 0.396800 0.608700 -0.687100
vn 0.433200 0.500000 -0.749900
vn 0.462100 0.382600 -0.800000
vn 0.483100 0.258700 -0.836500
vn 0.495700 0.130700 -0.858600
vn 0.499900 0.000000 -0.866100
vn 0.495700 -0.130700 -0.858600
vn 0.483100 -0.258700 -0.836500
vn 0.462100 -0.382700 -0.800000
vn 0.433100 -0.500000 -0.749900
vn 0.396800 -0.608700 -0.687100
vn 0.353600 -0.707100 -0.612300
vn 0.304300 -0.793600 -0.526900
vn 0.249800 -0.866200 -0.432700
vn 0.191500 -0.923700 -0.331700
vn 0.129400 -0.965900 -0.224200
vn 0.065200 -0.991500 -0.112700
vn 0.092000 0.991500 -0.092000
vn 0.183100 0.965900 -0.183100
vn 0.270800 0.923800 -0.270800
vn 0.353400 0.866200 -0.353400
vn 0.430200 0.793600 -0.430200
vn 0.500000 0.707100 -0.500000
vn 0.561100 0.608600 -0.561100
vn 0.612400 0.499900 -0.612400
vn 0.653300 0.382700 -0.653300
vn 0.683000 0.258800 -0.683000
vn 0.701100 0.130600 -0.701100
vn 0.707100 0.000000 -0.707100
vn 0.701100 -0.130600 -0.701100
vn 0.683000 -0.258800 -0.683000
vn 0.653300 -0.382700 -0.653300
vn 0.612400 -0.499900 -0.612400
vn 0.561100 -0.608600 -0.561100
vn 0.500000 -0.707100 -0.500000
vn 0.430200 -0.793600 -0.430200
vn 0.353400 -0.866200 -0.353400
vn 0.270800 -0.923800 -0.270800
vn 0.183100 -0.965900 -0.183100
vn 0.092000 -0.991500 -0.092000
vn 0.112700 0.991500 -0.065200
vn 0.224200 0.965900 -0.129400
vn 0.331700 0.923800 -0.191400
vn 0.432700 0.866200 -0.249800
vn 0.526900 0.793600 -0.304300
vn 0.612300 0.707100 -0.353600
vn 0.687100 0.608600 -0.396800
vn 0.749900 0.500000 -0.433100
vn 0.800000 0.382700 -0.462100
vn 0.836500 0.258700 -0.483100
vn 0.858600 0.130700 -0.495700
vn 0.866100 0.000000 -0.499900
vn 0.858600 -0.130600 -0.495700
vn 0.836500 -0.258700 -0.483100
vn 0.800000 -0.382700 -0.462100
vn 0.749900 -0.500000 -0.433200
vn 0.687100 -0.608600 -0.396800
vn 0.612300 -0.707100 -0.353600
vn 0.526900 -0.793600 -0.304300
vn 0.432700 -0.866200 -0.249800
vn 0.331700 -0.923700 -0.191500
vn 0.224200 -0.965900 -0.129400
vn 0.112700 -0.991500 -0.065100
vn 0.125800 0.991500 -0.033800
vn 0.250200 0.965900 -0.067000
vn 0.370000 0.923800 -0.099000
vn 0.482500 0.866300 -0.129300
vn 0.587700 0.793600 -0.157500
vn 0.682900 0.707200 -0.183100
vn 0.766400 0.608700 -0.205500
vn 0.836600 0.499800 -0.224100
vn 0.892500 0.382600 -0.238900
vn 0.933100 0.258700 -0.249900
vn 0.957700 0.130600 -0.256500
vn 0.965900 0.000000 -0.258800
vn 0.957700 -0.130600 -0.256500
vn 0.933000 -0.258800 -0.249900
vn 0.892500 -0.382600 -0.238900
vn 0.836600 -0.499800 -0.224100
vn 0.766400 -0.608700 -0.205500
vn 0.682900 -0.707200 -0.183100
vn 0.587700 -0.793600 -0.157500
vn 0.482500 -0.866300 -0.129300
vn 0.370000 -0.923800 -0.099000
vn 0.250200 -0.965900 -0.067000
vn 0.125800 -0.991500 -0.033800
usemtl 0
s 1
f 1151/1299/1125 1176/1300/1126 1152/1301/1127
f 1152/1301/1127 1176/1300/1126 1177/1302/1128 1153/1303/1129
f 1153/1303/1129 1177/1302/1128 1178/1304/1130 1154/1305/1131
f 1154/1305/1131 1178/1304/1130 1179/1306/1132 1155/1307/1133
f 1155/1307/1133 1179/1306/1132 1180/1308/1134 1156/1309/1135
f 1156/1309/1135 1180/1308/1134 1181/1310/1136 1157/1311/1137
f 1157/1311/1137 1181/1310/1136 1182/1312/1138 1158/1313/1139
f 1158/1313/1139 1182/1312/1138 1183/1314/1140 1159/1315/1141
f 1159/1315/1141 1183/1314/1140 1184/1316/1142 1160/1317/1143
f 1160/1317/1143 1184/1316/1142 1185/1318/1144 1161/1319/1145
f 1161/1319/1145 1185/1318/1144 1186/1320/1146 1162/1321/1147
f 1162/1321/1147 1186/1320/1146 1187/1322/1148 1163/1323/1149
f 1163/1323/1149 1187/1322/1148 1188/1324/1150 1164/1325/1151
f 1164/1325/1151 1188/1324/1150 1189/1326/1152 1165/1327/1153
f 1165/1327/1153 1189/1326/1152 1190/1328/1154 1166/1329/1155
f 1166/1329/1155 1190/1328/1154 1191/1330/1156 1167/1331/1157
f 1167/1331/1157 1191/1330/1156 1192/1332/1158 1168/1333/1159
f 1168/1333/1159 1192/1332/1158 1193/1334/1160 1169/1335/1161
f 1169/1335/1161 1193/1334/1160 1194/1336/1162 1170/1337/1163
f 1170/1337/1163 1194/1336/1162 1195/1338/1164 1171/1339/1165
f 1171/1339/1165 1195/1338/1164 1196/1340/1166 1172/1341/1167
f 1172/1341/1167 1196/1340/1166 1197/1342/1168 1173/1343/1169
f 1173/1343/1169 1197/1342/1168 1198/1344/1170 1174/1345/1171
f 1174/1345/1171 1198/1344/1170 1175/1346/1172
f 1151/1347/1125 1199/1348/1173 1176/1300/1126
f 1176/1300/1126 1199/1348/1173 1200/1349/1174 1177/1302/1128
f 1177/1302/1128 1200/1349/1174 1201/1350/1175 1178/1304/1130
f 1178/1304/1130 1201/1350/1175 1202/1351/1176 1179/1306/1132
f 1179/1306/1132 1202/1351/1176 1203/1352/1177 1180/1308/1134
f 1180/1308/1134 1203/1352/1177 1204/1353/1178 1181/1310/1136
f 1181/1310/1136 1204/1353/1178 1205/1354/1179 1182/1312/1138
f 1182/1312/1138 1205/1354/1179 1206/1355/1180 1183/1314/1140
f 1183/1314/1140 1206/1355/1180 1207/1356/1181 1184/1316/1142
f 1184/1316/1142 1207/1356/1181 1208/1357/1182 1185/1318/1144
f 1185/1318/1144 1208/1357/1182 1209/1358/1183 1186/1320/1146
f 1186/1320/1146 1209/1358/1183 1210/1359/1184 1187/1322/1148
f 1187/1322/1148 1210/1359/1184 1211/1360/1185 1188/1324/1150
f 1188/1324/1150 1211/1360/1185 1212/1361/1186 1189/1326/1152
f 1189/1326/1152 1212/1361/1186 1213/1362/1187 1190/1328/1154
f 1190/1328/1154 1213/1362/1187 1214/1363/1188 1191/1330/1156
f 1191/1330/1156 1214/1363/1188 1215/1364/1189 1192/1332/1158
f 1192/1332/1158 1215/1364/1189 1216/1365/1190 1193/1334/1160
f 1193/1334/1160 1216/1365/1190 1217/1366/1191 1194/1336/1162
f 1194/1336/1162 1217/1366/1191 1218/1367/1192 1195/1338/1164
f 1195/1338/1164 1218/1367/1192 1219/1368/1193 1196/1340/1166
f 1196/1340/1166 1219/1368/1193 1220/1369/1194 1197/1342/1168
f 1197/1342/1168 1220/1369/1194 1221/1370/1195 1198/1344/1170
f 1198/1344/1170 1221/1370/1195 1175/1371/1172
f 1151/1372/1125 1222/1373/1196 1199/1348/1173
f 1199/1348/1173 1222/1373/1196 1223/1374/1197 1200/1349/1174
f 1200/1349/1174 1223/1374/1197 1224/1375/1198 1201/1350/1175
f 1201/1350/1175 1224/1375/1198 1225/1376/1199 1202/1351/1176
f 1202/1351/1176 1225/1376/1199 1226/1377/1200 1203/1352/1177
f 1203/1352/1177 1226/1377/1200 1227/1378/1201 1204/1353/1178
f 1204/1353/1178 1227/1378/1201 1228/1379/1202 1205/1354/1179
f 1205/1354/1179 1228/1379/1202 1229/1380/1203 1206/1355/1180
f 1206/1355/1180 1229/1380/1203 1230/1381/1204 1207/1356/1181
f 1207/1356/1181 1230/1381/1204 1231/1382/1205 1208/1357/1182
f 1208/1357/1182 1231/1382/1205 1232/1383/1206 1209/1358/1183
f 1209/1358/1183 1232/1383/1206 1233/1384/1207 1210/1359/1184
f 1210/1359/1184 1233/1384/1207 1234/1385/1208 1211/1360/1185
f 1211/1360/1185 1234/1385/1208 1235/1386/1209 1212/1361/1186
f 1212/1361/1186 1235/1386/1209 1236/1387/1210 1213/1362/1187
f 1213/1362/1187 1236/1387/1210 1237/1388/1211 1214/1363/1188
f 1214/1363/1188 1237/1388/1211 1238/1389/1212 1215/1364/1189
f 1215/1364/1189 1238/1389/1212 1239/1390/1213 1216/1365/1190
f 1216/1365/1190 1239/1390/1213 1240/1391/1214 1217/1366/1191
f 1217/1366/1191 1240/1391/1214 1241/1392/1215 1218/1367/1192
f 1218/1367/1192 1241/1392/1215 1242/1393/1216 1219/1368/1193
f 1219/1368/1193 1242/1393/1216 1243/1394/1217 1220/1369/1194
f 1220/1369/1194 1243/1394/1217 1244/1395/1218 1221/1370/1195
f 1221/1370/1195 1244/1395/1218 1175/1396/1172
f 1151/1397/1125 1245/1398/1219 1222/1373/1196
f 1222/1373/1196 1245/1398/1219 1246/1399/1220 1223/1374/1197
f 1223/1374/1197 1246/1399/1220 1247/1400/1221 1224/1375/1198
f 1224/1375/1198 1247/1400/1221 1248/1401/1222 1225/1376/1199
f 1225/1376/1199 1248/1401/1222 1249/1402/1223 1226/1377/1200
f 1226/1377/1200 1249/1402/1223 1250/1403/1224 1227/1378/1201
f 1227/1378/1201 1250/1403/1224 1251/1404/1225 1228/1379/1202
f 1228/1379/1202 1251/1404/1225 1252/1405/1226 1229/1380/1203
f 1229/1380/1203 1252/1405/1226 1253/1406/1227 1230/1381/1204
f 1230/1381/1204 1253/1406/1227 1254/1407/1228 1231/1382/1205
f 1231/1382/1205 1254/1407/1228 1255/1408/1229 1232/1383/1206
f 1232/1383/1206 1255/1408/1229 1256/1409/1230 1233/1384/1207
f 1233/1384/1207 1256/1409/1230 1257/1410/1231 1234/1385/1208
f 1234/1385/1208 1257/1410/1231 1258/1411/1232 1235/1386/1209
f 1235/1386/1209 1258/1411/1232 1259/1412/1233 1236/1387/1210
f 1236/1387/1210 1259/1412/1233 1260/1413/1234 1237/1388/1211
f 1237/1388/1211 1260/1413/1234 1261/1414/1235 1238/1389/1212
f 1238/1389/1212 1261/1414/1235 1262/1415/1236 1239/1390/1213
f 1239/1390/1213 1262/1415/1236 1263/1416/1237 1240/1391/1214
f 1240/1391/1214 1263/1416/1237 1264/1417/1238 1241/1392/1215
f 1241/1392/1215 1264/1417/1238 1265/1418/1239 1242/1393/1216
f 1242/1393/1216 1265/1418/1239 1266/1419/1240 1243/1394/1217
f 1243/1394/1217 1266/1419/1240 1267/1420/1241 1244/1395/1218
f 1244/1395/1218 1267/1420/1241 1175/1421/1172
f 1151/1422/1125 1268/1423/1242 1245/1398/1219
f 1245/1398/1219 1268/1423/1242 1269/1424/1243 1246/1399/1220
f 1246/1399/1220 1269/1424/1243 1270/1425/1244 1247/1400/1221
f 1247/1400/1221 1270/1425/1244 1271/1426/1245 1248/1401/1222
f 1248/1401/1222 1271/1426/1245 1272/1427/1246 1249/1402/1223
f 1249/1402/1223 1272/1427/1246 1273/1428/1247 1250/1403/1224
f 1250/1403/1224 1273/1428/1247 1274/1429/1248 1251/1404/1225
f 1251/1404/1225 1274/1429/1248 1275/1430/1249 1252/1405/1226
f 1252/1405/1226 1275/1430/1249 1276/1431/1250 1253/1406/1227
f 1253/1406/1227 1276/1431/1250 1277/1432/1251 1254/1407/1228
f 1254/1407/1228 1277/1432/1251 1278/1433/1252 1255/1408/1229
f 1255/1408/1229 1278/1433/1252 1279/1434/1253 1256/1409/1230
f 1256/1409/1230 1279/1434/1253 1280/1435/1254 1257/1410/1231
f 1257/1410/1231 1280/1435/1254 1281/1436/1255 1258/1411/1232
f 1258/1411/1232 1281/1436/1255 1282/1437/1256 1259/1412/1233
f 1259/1412/1233 1282/1437/1256 1283/1438/1257 1260/1413/1234
f 1260/1413/1234 1283/1438/1257 1284/1439/1258 1261/1414/1235
f 1261/1414/1235 1284/1439/1258 1285/1440/1259 1262/1415/1236
f 1262/1415/1236 1285/1440/1259 1286/1441/1260 1263/1416/1237
f 1263/1416/1237 1286/1441/1260 1287/1442/1261 1264/1417/1238
f 1264/1417/1238 1287/1442/1261 1288/1443/1262 1265/1418/1239
f 1265/1418/1239 1288/1443/1262 1289/1444/1263 1266/1419/1240
f 1266/1419/1240 1289/1444/1263 1290/1445/1264 1267/1420/1241
f 1267/1420/1241 1290/1445/1264 1175/1446/1172
f 1151/1447/1125 1291/1448/1265 1268/1423/1242
f 1268/1423/1242 1291/1448/1265 1292/1449/1266 1269/1424/1243
f 1269/1424/1243 1292/1449/1266 1293/1450/1267 1270/1425/1244
f 1270/1425/1244 1293/1450/1267 1294/1451/1268 1271/1426/1245
f 1271/1426/1245 1294/1451/1268 1295/1452/1269 1272/1427/1246
f 1272/1427/1246 1295/1452/1269 1296/1453/1270 1273/1428/1247
f 1273/1428/1247 1296/1453/1270 1297/1454/1271 1274/1429/1248
f 1274/1429/1248 1297/1454/1271 1298/1455/1272 1275/1430/1249
f 1275/1430/1249 1298/1455/1272 1299/1456/1273 1276/1431/1250
f 1276/1431/1250 1299/1456/1273 1300/1457/1274 1277/1432/1251
f 1277/1432/1251 1300/1457/1274 1301/1458/1275 1278/1433/1252
f 1278/1433/1252 1301/1458/1275 1302/1459/1276 1279/1434/1253
f 1279/1434/1253 1302/1459/1276 1303/1460/1277 1280/1435/1254
f 1280/1435/1254 1303/1460/1277 1304/1461/1278 1281/1436/1255
f 1281/1436/1255 1304/1461/1278 1305/1462/1279 1282/1437/1256
f 1282/1437/1256 1305/1462/1279 1306/1463/1280 1283/1438/1257
f 1283/1438/1257 1306/1463/1280 1307/1464/1281 1284/1439/1258
f 1284/1439/1258 1307/1464/1281 1308/1465/1282 1285/1440/1259
f 1285/1440/1259 1308/1465/1282 1309/1466/1283 1286/1441/1260
f 1286/1441/1260 1309/1466/1283 1310/1467/1284 1287/1442/1261
f 1287/1442/1261 1310/1467/1284 1311/1468/1285 1288/1443/1262
f 1288/1443/1262 1311/1468/1285 1312/1469/1286 1289/1444/1263
f 1289/1444/1263 1312/1469/1286 1313/1470/1287 1290/1445/1264
f 1290/1445/1264 1313/1470/1287 1175/1471/1172
f 1151/1472/1125 1314/1473/1288 1291/1448/1265
f 1291/1448/1265 1314/1473/1288 1315/1474/1289 1292/1449/1266
f 1292/1449/1266 1315/1474/1289 1316/1475/1290 1293/1450/1267
f 1293/1450/1267 1316/1475/1290 1317/1476/1291 1294/1451/1268
f 1294/1451/1268 1317/1476/1291 1318/1477/1292 1295/1452/1269
f 1295/1452/1269 1318/1477/1292 1319/1478/1293 1296/1453/1270
f 1296/1453/1270 1319/1478/1293 1320/1479/1294 1297/1454/1271
f 1297/1454/1271 1320/1479/1294 1321/1480/1295 1298/1455/1272
f 1298/1455/1272 1321/1480/1295 1322/1481/1296 1299/1456/1273
f 1299/1456/1273 1322/1481/1296 1323/1482/1297 1300/1457/1274
f 1300/1457/1274 1323/1482/1297 1324/1483/1298 1301/1458/1275
f 1301/1458/1275 1324/1483/1298 1325/1484/1299 1302/1459/1276
f 1302/1459/1276 1325/1484/1299 1326/1485/1300 1303/1460/1277
f 1303/1460/1277 1326/1485/1300 1327/1486/1301 1304/1461/1278
f 1304/1461/1278 1327/1486/1301 1328/1487/1302 1305/1462/1279
f 1305/1462/1279 1328/1487/1302 1329/1488/1303 1306/1463/1280
f 1306/1463/1280 1329/1488/1303 1330/1489/1304 1307/1464/1281
f 1307/1464/1281 1330/1489/1304 1331/1490/1305 1308/1465/1282
f 1308/1465/1282 1331/1490/1305 1332/1491/1306 1309/1466/1283
f 1309/1466/1283 1332/1491/1306 1333/1492/1307 1310/1467/1284
f 1310/1467/1284 1333/1492/1307 1334/1493/1308 1311/1468/1285
f 1311/1468/1285 1334/1493/1308 1335/1494/1309 1312/1469/1286
f 1312/1469/1286 1335/1494/1309 1336/1495/1310 1313/1470/1287
f 1313/1470/1287 1336/1495/1310 1175/1496/1172
f 1151/1497/1125 1337/1498/1311 1314/1473/1288
f 1314/1473/1288 1337/1498/1311 1338/1499/1312 1315/1474/1289
f 1315/1474/1289 1338/1499/1312 1339/1500/1313 1316/1475/1290
f 1316/1475/1290 1339/1500/1313 1340/1501/1314 1317/1476/1291
f 1317/1476/1291 1340/1501/1314 1341/1502/1315 1318/1477/1292
f 1318/1477/1292 1341/1502/1315 1342/1503/1316 1319/1478/1293
f 1319/1478/1293 1342/1503/1316 1343/1504/1317 1320/1479/1294
f 1320/1479/1294 1343/1504/1317 1344/1505/1318 1321/1480/1295
f 1321/1480/1295 1344/1505/1318 1345/1506/1319 1322/1481/1296
f 1322/1481/1296 1345/1506/1319 1346/1507/1320 1323/1482/1297
f 1323/1482/1297 1346/1507/1320 1347/1508/1321 1324/1483/1298
f 1324/1483/1298 1347/1508/1321 1348/1509/1322 1325/1484/1299
f 1325/1484/1299 1348/1509/1322 1349/1510/1323 1326/1485/1300
f 1326/1485/1300 1349/1510/1323 1350/1511/1324 1327/1486/1301
f 1327/1486/1301 1350/1511/1324 1351/1512/1325 1328/1487/1302
f 1328/1487/1302 1351/1512/1325 1352/1513/1326 1329/1488/1303
f 1329/1488/1303 1352/1513/1326 1353/1514/1327 1330/1489/1304
f 1330/1489/1304 1353/1514/1327 1354/1515/1328 1331/1490/1305
f 1331/1490/1305 1354/1515/1328 1355/1516/1329 1332/1491/1306
f 1332/1491/1306 1355/1516/1329 1356/1517/1330 1333/1492/1307
f 1333/1492/1307 1356/1517/1330 1357/1518/1331 1334/1493/1308
f 1334/1493/1308 1357/1518/1331 1358/1519/1332 1335/1494/1309
f 1335/1494/1309 1358/1519/1332 1359/1520/1333 1336/1495/1310
f 1336/1495/1310 1359/1520/1333 1175/1521/1172
f 1151/1522/1125 1360/1523/1334 1337/1498/1311
f 1337/1498/1311 1360/1523/1334 1361/1524/1335 1338/1499/1312
f 1338/1499/1312 1361/1524/1335 1362/1525/1336 1339/1500/1313
f 1339/1500/1313 1362/1525/1336 1363/1526/1337 1340/1501/1314
f 1340/1501/1314 1363/1526/1337 1364/1527/1338 1341/1502/1315
f 1341/1502/1315 1364/1527/1338 1365/1528/1339 1342/1503/1316
f 1342/1503/1316 1365/1528/1339 1366/1529/1340 1343/1504/1317
f 1343/1504/1317 1366/1529/1340 1367/1530/1341 1344/1505/1318
f 1344/1505/1318 1367/1530/1341 1368/1531/1342 1345/1506/1319
f 1345/1506/1319 1368/1531/1342 1369/1532/1343 1346/1507/1320
f 1346/1507/1320 1369/1532/1343 1370/1533/1344 1347/1508/1321
f 1347/1508/1321 1370/1533/1344 1371/1534/1345 1348/1509/1322
f 1348/1509/1322 1371/1534/1345 1372/1535/1346 1349/1510/1323
f 1349/1510/1323 1372/1535/1346 1373/1536/1347 1350/1511/1324
f 1350/1511/1324 1373/1536/1347 1374/1537/1348 1351/1512/1325
f 1351/1512/1325 1374/1537/1348 1375/1538/1349 1352/1513/1326
f 1352/1513/1326 1375/1538/1349 1376/1539/1350 1353/1514/1327
f 1353/1514/1327 1376/1539/1350 1377/1540/1351 1354/1515/1328
f 1354/1515/1328 1377/1540/1351 1378/1541/1352 1355/1516/1329
f 1355/1516/1329 1378/1541/1352 1379/1542/1353 1356/1517/1330
f 1356/1517/1330 1379/1542/1353 1380/1543/1354 1357/1518/1331
f 1357/1518/1331 1380/1543/1354 1381/1544/1355 1358/1519/1332
f 1358/1519/1332 1381/1544/1355 1382/1545/1356 1359/1520/1333
f 1359/1520/1333 1382/1545/1356 1175/1546/1172
f 1151/1547/1125 1383/1548/1357 1360/1523/1334
f 1360/1523/1334 1383/1548/1357 1384/1549/1358 1361/1524/1335
f 1361/1524/1335 1384/1549/1358 1385/1550/1359 1362/1525/1336
f 1362/1525/1336 1385/1550/1359 1386/1551/1360 1363/1526/1337
f 1363/1526/1337 1386/1551/1360 1387/1552/1361 1364/1527/1338
f 1364/1527/1338 1387/1552/1361 1388/1553/1362 1365/1528/1339
f 1365/1528/1339 1388/1553/1362 1389/1554/1363 1366/1529/1340
f 1366/1529/1340 1389/1554/1363 1390/1555/1364 1367/1530/1341
f 1367/1530/1341 1390/1555/1364 1391/1556/1365 1368/1531/1342
f 1368/1531/1342 1391/1556/1365 1392/1557/1366 1369/1532/1343
f 1369/1532/1343 1392/1557/1366 1393/1558/1367 1370/1533/1344
f 1370/1533/1344 1393/1558/1367 1394/1559/1368 1371/1534/1345
f 1371/1534/1345 1394/1559/1368 1395/1560/1369 1372/1535/1346
f 1372/1535/1346 1395/1560/1369 1396/1561/1370 1373/1536/1347
f 1373/1536/1347 1396/1561/1370 1397/1562/1371 1374/1537/1348
f 1374/1537/1348 1397/1562/1371 1398/1563/1372 1375/1538/1349
f 1375/1538/1349 1398/1563/1372 1399/1564/1373 1376/1539/1350
f 1376/1539/1350 1399/1564/1373 1400/1565/1374 1377/1540/1351
f 1377/1540/1351 1400/1565/1374 1401/1566/1375 1378/1541/1352
f 1378/1541/1352 1401/1566/1375 1402/1567/1376 1379/1542/1353
f 1379/1542/1353 1402/1567/1376 1403/1568/1377 1380/1543/1354
f 1380/1543/1354 1403/1568/1377 1404/1569/1378 1381/1544/1355
f 1381/1544/1355 1404/1569/1378 1405/1570/1379 1382/1545/1356
f 1382/1545/1356 1405/1570/1379 1175/1571/1172
f 1151/1572/1125 1406/1573/1380 1383/1548/1357
f 1383/1548/1357 1406/1573/1380 1407/1574/1381 1384/1549/1358
f 1384/1549/1358 1407/1574/1381 1408/1575/1382 1385/1550/1359
f 1385/1550/1359 1408/1575/1382 1409/1576/1383 1386/1551/1360
f 1386/1551/1360 1409/1576/1383 1410/1577/1384 1387/1552/1361
f 1387/1552/1361 1410/1577/1384 1411/1578/1385 1388/1553/1362
f 1388/1553/1362 1411/1578/1385 1412/1579/1386 1389/1554/1363
f 1389/1554/1363 1412/1579/1386 1413/1580/1387 1390/1555/1364
f 1390/1555/1364 1413/1580/1387 1414/1581/1388 1391/1556/1365
f 1391/1556/1365 1414/1581/1388 1415/1582/1389 1392/1557/1366
f 1392/1557/1366 1415/1582/1389 1416/1583/1390 1393/1558/1367
f 1393/1558/1367 1416/1583/1390 1417/1584/1391 1394/1559/1368
f 1394/1559/1368 1417/1584/1391 1418/1585/1392 1395/1560/1369
f 1395/1560/1369 1418/1585/1392 1419/1586/1393 1396/1561/1370
f 1396/1561/1370 1419/1586/1393 1420/1587/1394 1397/1562/1371
f 1397/1562/1371 1420/1587/1394 1421/1588/1395 1398/1563/1372
f 1398/1563/1372 1421/1588/1395 1422/1589/1396 1399/1564/1373
f 1399/1564/1373 1422/1589/1396 1423/1590/1397 1400/1565/1374
f 1400/1565/1374 1423/1590/1397 1424/1591/1398 1401/1566/1375
f 1401/1566/1375 1424/1591/1398 1425/1592/1399 1402/1567/1376
f 1402/1567/1376 1425/1592/1399 1426/1593/1400 1403/1568/1377
f 1403/1568/1377 1426/1593/1400 1427/1594/1401 1404/1569/1378
f 1404/1569/1378 1427/1594/1401 1428/1595/1402 1405/1570/1379
f 1405/1570/1379 1428/1595/1402 1175/1596/1172
f 1151/1597/1125 1429/1598/1403 1406/1573/1380
f 1406/1573/1380 1429/1598/1403 1430/1599/1404 1407/1574/1381
f 1407/1574/1381 1430/1599/1404 1431/1600/1405 1408/1575/1382
f 1408/1575/1382 1431/1600/1405 1432/1601/1406 1409/1576/1383
f 1409/1576/1383 1432/1601/1406 1433/1602/1407 1410/1577/1384
f 1410/1577/1384 1433/1602/1407 1434/1603/1408 1411/1578/1385
f 1411/1578/1385 1434/1603/1408 1435/1604/1409 1412/1579/1386
f 1412/1579/1386 1435/1604/1409 1436/1605/1410 1413/1580/1387
f 1413/1580/1387 1436/1605/1410 1437/1606/1411 1414/1581/1388
f 1414/1581/1388 1437/1606/1411 1438/1607/1412 1415/1582/1389
f 1415/1582/1389 1438/1607/1412 1439/1608/1413 1416/1583/1390
f 1416/1583/1390 1439/1608/1413 1440/1609/1414 1417/1584/1391
f 1417/1584/1391 1440/1609/1414 1441/1610/1415 1418/1585/1392
f 1418/1585/1392 1441/1610/1415 1442/1611/1416 1419/1586/1393
f 1419/1586/1393 1442/1611/1416 1443/1612/1417 1420/1587/1394
f 1420/1587/1394 1443/1612/1417 1444/1613/1418 1421/1588/1395
f 1421/1588/1395 1444/1613/1418 1445/1614/1419 1422/1589/1396
f 1422/1589/1396 1445/1614/1419 1446/1615/1420 1423/1590/1397
f 1423/1590/1397 1446/1615/1420 1447/1616/1421 1424/1591/1398
f 1424/1591/1398 1447/1616/1421 1448/1617/1422 1425/1592/1399
f 1425/1592/1399 1448/1617/1422 1449/1618/1423 1426/1593/1400
f 1426/1593/1400 1449/1618/1423 1450/1619/1424 1427/1594/1401
f 1427/1594/1401 1450/1619/1424 1451/1620/1425 1428/1595/1402
f 1428/1595/1402 1451/1620/1425 1175/1621/1172
f 1151/1622/1125 1452/1623/1426 1429/1598/1403
f 1429/1598/1403 1452/1623/1426 1453/1624/1427 1430/1599/1404
f 1430/1599/1404 1453/1624/1427 1454/1625/1428 1431/1600/1405
f 1431/1600/1405 1454/1625/1428 1455/1626/1429 1432/1601/1406
f 1432/1601/1406 1455/1626/1429 1456/1627/1430 1433/1602/1407
f 1433/1602/1407 1456/1627/1430 1457/1628/1431 1434/1603/1408
f 1434/1603/1408 1457/1628/1431 1458/1629/1432 1435/1604/1409
f 1435/1604/1409 1458/1629/1432 1459/1630/1433 1436/1605/1410
f 1436/1605/1410 1459/1630/1433 1460/1631/1434 1437/1606/1411
f 1437/1606/1411 1460/1631/1434 1461/1632/1435 1438/1607/1412
f 1438/1607/1412 1461/1632/1435 1462/1633/1436 1439/1608/1413
f 1439/1608/1413 1462/1633/1436 1463/1634/1437 1440/1609/1414
f 1440/1609/1414 1463/1634/1437 1464/1635/1438 1441/1610/1415
f 1441/1610/1415 1464/1635/1438 1465/1636/1439 1442/1611/1416
f 1442/1611/1416 1465/1636/1439 1466/1637/1440 1443/1612/1417
f 1443/1612/1417 1466/1637/1440 1467/1638/1441 1444/1613/1418
f 1444/1613/1418 1467/1638/1441 1468/1639/1442 1445/1614/1419
f 1445/1614/1419 1468/1639/1442 1469/1640/1443 1446/1615/1420
f 1446/1615/1420 1469/1640/1443 1470/1641/1444 1447/1616/1421
f 1447/1616/1421 1470/1641/1444 1471/1642/1445 1448/1617/1422
f 1448/1617/1422 1471/1642/1445 1472/1643/1446 1449/1618/1423
f 1449/1618/1423 1472/1643/1446 1473/1644/1447 1450/1619/1424
f 1450/1619/1424 1473/1644/1447 1474/1645/1448 1451/1620/1425
f 1451/1620/1425 1474/1645/1448 1175/1646/1172
f 1151/1647/1125 1475/1648/1449 1452/1623/1426
f 1452/1623/1426 1475/1648/1449 1476/1649/1450 1453/1624/1427
f 1453/1624/1427 1476/1649/1450 1477/1650/1451 1454/1625/1428
f 1454/1625/1428 1477/1650/1451 1478/1651/1452 1455/1626/1429
f 1455/1626/1429 1478/1651/1452 1479/1652/1453 1456/1627/1430
f 1456/1627/1430 1479/1652/1453 1480/1653/1454 1457/1628/1431
f 1457/1628/1431 1480/1653/1454 1481/1654/1455 1458/1629/1432
f 1458/1629/1432 1481/1654/1455 1482/1655/1456 1459/1630/1433
f 1459/1630/1433 1482/1655/1456 1483/1656/1457 1460/1631/1434
f 1460/1631/1434 1483/1656/1457 1484/1657/1458 1461/1632/1435
f 1461/1632/1435 1484/1657/1458 1485/1658/1459 1462/1633/1436
f 1462/1633/1436 1485/1658/1459 1486/1659/1460 1463/1634/1437
f 1463/1634/1437 1486/1659/1460 1487/1660/1461 1464/1635/1438
f 1464/1635/1438 1487/1660/1461 1488/1661/1462 1465/1636/1439
f 1465/1636/1439 1488/1661/1462 1489/1662/1463 1466/1637/1440
f 1466/1637/1440 1489/1662/1463 1490/1663/1464 1467/1638/1441
f 1467/1638/1441 1490/1663/1464 1491/1664/1465 1468/1639/1442
f 1468/1639/1442 1491/1664/1465 1492/1665/1466 1469/1640/1443
f 1469/1640/1443 1492/1665/1466 1493/1666/1467 1470/1641/1444
f 1470/1641/1444 1493/1666/1467 1494/1667/1468 1471/1642/1445
f 1471/1642/1445 1494/1667/1468 1495/1668/1469 1472/1643/1446
f 1472/1643/1446 1495/1668/1469 1496/1669/1470 1473/1644/1447
f 1473/1644/1447 1496/1669/1470 1497/1670/1471 1474/1645/1448
f 1474/1645/1448 1497/1670/1471 1175/1671/1172
f 1151/1672/1125 1498/1673/1472 1475/1648/1449
f 1475/1648/1449 1498/1673/1472 1499/1674/1473 1476/1649/1450
f 1476/1649/1450 1499/1674/1473 1500/1675/1474 1477/1650/1451
f 1477/1650/1451 1500/1675/1474 1501/1676/1475 1478/1651/1452
f 1478/1651/1452 1501/1676/1475 1502/1677/1476 1479/1652/1453
f 1479/1652/1453 1502/1677/1476 1503/1678/1477 1480/1653/1454
f 1480/1653/1454 1503/1678/1477 1504/1679/1478 1481/1654/1455
f 1481/1654/1455 1504/1679/1478 1505/1680/1479 1482/1655/1456
f 1482/1655/1456 1505/1680/1479 1506/1681/1480 1483/1656/1457
f 1483/1656/1457 1506/1681/1480 1507/1682/1481 1484/1657/1458
f 1484/1657/1458 1507/1682/1481 1508/1683/1482 1485/1658/1459
f 1485/1658/1459 1508/1683/1482 1509/1684/1483 1486/1659/1460
f 1486/1659/1460 1509/1684/1483 1510/1685/1484 1487/1660/1461
f 1487/1660/1461 1510/1685/1484 1511/1686/1485 1488/1661/1462
f 1488/1661/1462 1511/1686/1485 1512/1687/1486 1489/1662/1463
f 1489/1662/1463 1512/1687/1486 1513/1688/1487 1490/1663/1464
f 1490/1663/1464 1513/1688/1487 1514/1689/1488 1491/1664/1465
f 1491/1664/1465 1514/1689/1488 1515/1690/1489 1492/1665/1466
f 1492/1665/1466 1515/1690/1489 1516/1691/1490 1493/1666/1467
f 1493/1666/1467 1516/1691/1490 1517/1692/1491 1494/1667/1468
f 1494/1667/1468 1517/1692/1491 1518/1693/1492 1495/1668/1469
f 1495/1668/1469 1518/1693/1492 1519/1694/1493 1496/1669/1470
f 1496/1669/1470 1519/1694/1493 1520/1695/1494 1497/1670/1471
f 1497/1670/1471 1520/1695/1494 1175/1696/1172
f 1151/1697/1125 1521/1698/1495 1498/1673/1472
f 1498/1673/1472 1521/1698/1495 1522/1699/1496 1499/1674/1473
f 1499/1674/1473 1522/1699/1496 1523/1700/1497 1500/1675/1474
f 1500/1675/1474 1523/1700/1497 1524/1701/1498 1501/1676/1475
f 1501/1676/1475 1524/1701/1498 1525/1702/1499 1502/1677/1476
f 1502/1677/1476 1525/1702/1499 1526/1703/1500 1503/1678/1477
f 1503/1678/1477 1526/1703/1500 1527/1704/1501 1504/1679/1478
f 1504/1679/1478 1527/1704/1501 1528/1705/1502 1505/1680/1479
f 1505/1680/1479 1528/1705/1502 1529/1706/1503 1506/1681/1480
f 1506/1681/1480 1529/1706/1503 1530/1707/1504 1507/1682/1481
f 1507/1682/1481 1530/1707/1504 1531/1708/1505 1508/1683/1482
f 1508/1683/1482 1531/1708/1505 1532/1709/1506 1509/1684/1483
f 1509/1684/1483 1532/1709/1506 1533/1710/1507 1510/1685/1484
f 1510/1685/1484 1533/1710/1507 1534/1711/1508 1511/1686/1485
f 1511/1686/1485 1534/1711/1508 1535/1712/1509 1512/1687/1486
f 1512/1687/1486 1535/1712/1509 1536/1713/1510 1513/1688/1487
f 1513/1688/1487 1536/1713/1510 1537/1714/1511 1514/1689/1488
f 1514/1689/1488 1537/1714/1511 1538/1715/1512 1515/1690/1489
f 1515/1690/1489 1538/1715/1512 1539/1716/1513 1516/1691/1490
f 1516/1691/1490 1539/1716/1513 1540/1717/1514 1517/1692/1491
f 1517/1692/1491 1540/1717/1514 1541/1718/1515 1518/1693/1492
f 1518/1693/1492 1541/1718/1515 1542/1719/1516 1519/1694/1493
f 1519/1694/1493 1542/1719/1516 1543/1720/1517 1520/1695/1494
f 1520/1695/1494 1543/1720/1517 1175/1721/1172
f 1151/1722/1125 1544/1723/1518 1521/1698/1495
f 1521/1698/1495 1544/1723/1518 1545/1724/1519 1522/1699/1496
f 1522/1699/1496 1545/1724/1519 1546/1725/1520 1523/1700/1497
f 1523/1700/1497 1546/1725/1520 1547/1726/1521 1524/1701/1498
f 1524/1701/1498 1547/1726/1521 1548/1727/1522 1525/1702/1499
f 1525/1702/1499 1548/1727/1522 1549/1728/1523 1526/1703/1500
f 1526/1703/1500 1549/1728/1523 1550/1729/1524 1527/1704/1501
f 1527/1704/1501 1550/1729/1524 1551/1730/1525 1528/1705/1502
f 1528/1705/1502 1551/1730/1525 1552/1731/1526 1529/1706/1503
f 1529/1706/1503 1552/1731/1526 1553/1732/1527 1530/1707/1504
f 1530/1707/1504 1553/1732/1527 1554/1733/1528 1531/1708/1505
f 1531/1708/1505 1554/1733/1528 1555/1734/1529 1532/1709/1506
f 1532/1709/1506 1555/1734/1529 1556/1735/1530 1533/1710/1507
f 1533/1710/1507 1556/1735/1530 1557/1736/1531 1534/1711/1508
f 1534/1711/1508 1557/1736/1531 1558/1737/1532 1535/1712/1509
f 1535/1712/1509 1558/1737/1532 1559/1738/1533 1536/1713/1510
f 1536/1713/1510 1559/1738/1533 1560/1739/1534 1537/1714/1511
f 1537/1714/1511 1560/1739/1534 1561/1740/1535 1538/1715/1512
f 1538/1715/1512 1561/1740/1535 1562/1741/1536 1539/1716/1513
f 1539/1716/1513 1562/1741/1536 1563/1742/1537 1540/1717/1514
f 1540/1717/1514 1563/1742/1537 1564/1743/1538 1541/1718/1515
f 1541/1718/1515 1564/1743/1538 1565/1744/1539 1542/1719/1516
f 1542/1719/1516 1565/1744/1539 1566/1745/1540 1543/1720/1517
f 1543/1720/1517 1566/1745/1540 1175/1746/1172
f 1151/1747/1125 1567/1748/1541 1544/1723/1518
f 1544/1723/1518 1567/1748/1541 1568/1749/1542 1545/1724/1519
f 1545/1724/1519 1568/1749/1542 1569/1750/1543 1546/1725/1520
f 1546/1725/1520 1569/1750/1543 1570/1751/1544 1547/1726/1521
f 1547/1726/1521 1570/1751/1544 1571/1752/1545 1548/1727/1522
f 1548/1727/1522 1571/1752/1545 1572/1753/1546 1549/1728/1523
f 1549/1728/1523 1572/1753/1546 1573/1754/1547 1550/1729/1524
f 1550/1729/1524 1573/1754/1547 1574/1755/1548 1551/1730/1525
f 1551/1730/1525 1574/1755/1548 1575/1756/1549 1552/1731/1526
f 1552/1731/1526 1575/1756/1549 1576/1757/1550 1553/1732/1527
f 1553/1732/1527 1576/1757/1550 1577/1758/1551 1554/1733/1528
f 1554/1733/1528 1577/1758/1551 1578/1759/1552 1555/1734/1529
f 1555/1734/1529 1578/1759/1552 1579/1760/1553 1556/1735/1530
f 1556/1735/1530 1579/1760/1553 1580/1761/1554 1557/1736/1531
f 1557/1736/1531 1580/1761/1554 1581/1762/1555 1558/1737/1532
f 1558/1737/1532 1581/1762/1555 1582/1763/1556 1559/1738/1533
f 1559/1738/1533 1582/1763/1556 1583/1764/1557 1560/1739/1534
f 1560/1739/1534 1583/1764/1557 1584/1765/1558 1561/1740/1535
f 1561/1740/1535 1584/1765/1558 1585/1766/1559 1562/1741/1536
f 1562/1741/1536 1585/1766/1559 1586/1767/1560 1563/1742/1537
f 1563/1742/1537 1586/1767/1560 1587/1768/1561 1564/1743/1538
f 1564/1743/1538 1587/1768/1561 1588/1769/1562 1565/1744/1539
f 1565/1744/1539 1588/1769/1562 1589/1770/1563 1566/1745/1540
f 1566/1745/1540 1589/1770/1563 1175/1771/1172
f 1151/1772/1125 1590/1773/1564 1567/1748/1541
f 1567/1748/1541 1590/1773/1564 1591/1774/1565 1568/1749/1542
f 1568/1749/1542 1591/1774/1565 1592/1775/1566 1569/1750/1543
f 1569/1750/1543 1592/1775/1566 1593/1776/1567 1570/1751/1544
f 1570/1751/1544 1593/1776/1567 1594/1777/1568 1571/1752/1545
f 1571/1752/1545 1594/1777/1568 1595/1778/1569 1572/1753/1546
f 1572/1753/1546 1595/1778/1569 1596/1779/1570 1573/1754/1547
f 1573/1754/1547 1596/1779/1570 1597/1780/1571 1574/1755/1548
f 1574/1755/1548 1597/1780/1571 1598/1781/1572 1575/1756/1549
f 1575/1756/1549 1598/1781/1572 1599/1782/1573 1576/1757/1550
f 1576/1757/1550 1599/1782/1573 1600/1783/1574 1577/1758/1551
f 1577/1758/1551 1600/1783/1574 1601/1784/1575 1578/1759/1552
f 1578/1759/1552 1601/1784/1575 1602/1785/1576 1579/1760/1553
f 1579/1760/1553 1602/1785/1576 1603/1786/1577 1580/1761/1554
f 1580/1761/1554 1603/1786/1577 1604/1787/1578 1581/1762/1555
f 1581/1762/1555 1604/1787/1578 1605/1788/1579 1582/1763/1556
f 1582/1763/1556 1605/1788/1579 1606/1789/1580 1583/1764/1557
f 1583/1764/1557 1606/1789/1580 1607/1790/1581 1584/1765/1558
f 1584/1765/1558 1607/1790/1581 1608/1791/1582 1585/1766/1559
f 1585/1766/1559 1608/1791/1582 1609/1792/1583 1586/1767/1560
f 1586/1767/1560 1609/1792/1583 1610/1793/1584 1587/1768/1561
f 1587/1768/1561 1610/1793/1584 1611/1794/1585 1588/1769/1562
f 1588/1769/1562 1611/1794/1585 1612/1795/1586 1589/1770/1563
f 1589/1770/1563 1612/1795/1586 1175/1796/1172
f 1151/1797/1125 1613/1798/1587 1590/1773/1564
f 1590/1773/1564 1613/1798/1587 1614/1799/1588 1591/1774/1565
f 1591/1774/1565 1614/1799/1588 1615/1800/1589 1592/1775/1566
f 1592/1775/1566 1615/1800/1589 1616/1801/1590 1593/1776/1567
f 1593/1776/1567 1616/1801/1590 1617/1802/1591 1594/1777/1568
f 1594/1777/1568 1617/1802/1591 1618/1803/1592 1595/1778/1569
f 1595/1778/1569 1618/1803/1592 1619/1804/1593 1596/1779/1570
f 1596/1779/1570 1619/1804/1593 1620/1805/1594 1597/1780/1571
f 1597/1780/1571 1620/1805/1594 1621/1806/1595 1598/1781/1572
f 1598/1781/1572 1621/1806/1595 1622/1807/1596 1599/1782/1573
f 1599/1782/1573 1622/1807/1596 1623/1808/1597 1600/1783/1574
f 1600/1783/1574 1623/1808/1597 1624/1809/1598 1601/1784/1575
f 1601/1784/1575 1624/1809/1598 1625/1810/1599 1602/1785/1576
f 1602/1785/1576 1625/1810/1599 1626/1811/1600 1603/1786/1577
f 1603/1786/1577 1626/1811/1600 1627/1812/1601 1604/1787/1578
f 1604/1787/1578 1627/1812/1601 1628/1813/1602 1605/1788/1579
f 1605/1788/1579 1628/1813/1602 1629/1814/1603 1606/1789/1580
f 1606/1789/1580 1629/1814/1603 1630/1815/1604 1607/1790/1581
f 1607/1790/1581 1630/1815/1604 1631/1816/1605 1608/1791/1582
f 1608/1791/1582 1631/1816/1605 1632/1817/1606 1609/1792/1583
f 1609/1792/1583 1632/1817/1606 1633/1818/1607 1610/1793/1584
f 1610/1793/1584 1633/1818/1607 1634/1819/1608 1611/1794/1585
f 1611/1794/1585 1634/1819/1608 1635/1820/1609 1612/1795/1586
f 1612/1795/1586 1635/1820/1609 1175/1821/1172
f 1151/1822/1125 1636/1823/1610 1613/1798/1587
f 1613/1798/1587 1636/1823/1610 1637/1824/1611 1614/1799/1588
f 1614/1799/1588 1637/1824/1611 1638/1825/1612 1615/1800/1589
f 1615/1800/1589 1638/1825/1612 1639/1826/1613 1616/1801/1590
f 1616/1801/1590 1639/1826/1613 1640/1827/1614 1617/1802/1591
f 1617/1802/1591 1640/1827/1614 1641/1828/1615 1618/1803/1592
f 1618/1803/1592 1641/1828/1615 1642/1829/1616 1619/1804/1593
f 1619/1804/1593 1642/1829/1616 1643/1830/1617 1620/1805/1594
f 1620/1805/1594 1643/1830/1617 1644/1831/1618 1621/1806/1595
f 1621/1806/1595 1644/1831/1618 1645/1832/1619 1622/1807/1596
f 1622/1807/1596 1645/1832/1619 1646/1833/1620 1623/1808/1597
f 1623/1808/1597 1646/1833/1620 1647/1834/1621 1624/1809/1598
f 1624/1809/1598 1647/1834/1621 1648/1835/1622 1625/1810/1599
f 1625/1810/1599 1648/1835/1622 1649/1836/1623 1626/1811/1600
f 1626/1811/1600 1649/1836/1623 1650/1837/1624 1627/1812/1601
f 1627/1812/1601 1650/1837/1624 1651/1838/1625 1628/1813/1602
f 1628/1813/1602 1651/1838/1625 1652/1839/1626 1629/1814/1603
f 1629/1814/1603 1652/1839/1626 1653/1840/1627 1630/1815/1604
f 1630/1815/1604 1653/1840/1627 1654/1841/1628 1631/1816/1605
f 1631/1816/1605 1654/1841/1628 1655/1842/1629 1632/1817/1606
f 1632/1817/1606 1655/1842/1629 1656/1843/1630 1633/1818/1607
f 1633/1818/1607 1656/1843/1630 1657/1844/1631 1634/1819/1608
f 1634/1819/1608 1657/1844/1631 1658/1845/1632 1635/1820/1609
f 1635/1820/1609 1658/1845/1632 1175/1846/1172
f 1151/1847/1125 1659/1848/1633 1636/1823/1610
f 1636/1823/1610 1659/1848/1633 1660/1849/1634 1637/1824/1611
f 1637/1824/1611 1660/1849/1634 1661/1850/1635 1638/1825/1612
f 1638/1825/1612 1661/1850/1635 1662/1851/1636 1639/1826/1613
f 1639/1826/1613 1662/1851/1636 1663/1852/1637 1640/1827/1614
f 1640/1827/1614 1663/1852/1637 1664/1853/1638 1641/1828/1615
f 1641/1828/1615 1664/1853/1638 1665/1854/1639 1642/1829/1616
f 1642/1829/1616 1665/1854/1639 1666/1855/1640 1643/1830/1617
f 1643/1830/1617 1666/1855/1640 1667/1856/1641 1644/1831/1618
f 1644/1831/1618 1667/1856/1641 1668/1857/1642 1645/1832/1619
f 1645/1832/1619 1668/1857/1642 1669/1858/1643 1646/1833/1620
f 1646/1833/1620 1669/1858/1643 1670/1859/1644 1647/1834/1621
f 1647/1834/1621 1670/1859/1644 1671/1860/1645 1648/1835/1622
f 1648/1835/1622 1671/1860/1645 1672/1861/1646 1649/1836/1623
f 1649/1836/1623 1672/1861/1646 1673/1862/1647 1650/1837/1624
f 1650/1837/1624 1673/1862/1647 1674/1863/1648 1651/1838/1625
f 1651/1838/1625 1674/1863/1648 1675/1864/1649 1652/1839/1626
f 1652/1839/1626 1675/1864/1649 1676/1865/1650 1653/1840/1627
f 1653/1840/1627 1676/1865/1650 1677/1866/1651 1654/1841/1628
f 1654/1841/1628 1677/1866/1651 1678/1867/1652 1655/1842/1629
f 1655/1842/1629 1678/1867/1652 1679/1868/1653 1656/1843/1630
f 1656/1843/1630 1679/1868/1653 1680/1869/1654 1657/1844/1631
f 1657/1844/1631 1680/1869/1654 1681/1870/1655 1658/1845/1632
f 1658/1845/1632 1681/1870/1655 1175/1871/1172
f 1151/1872/1125 1682/1873/1656 1659/1848/1633
f 1659/1848/1633 1682/1873/1656 1683/1874/1657 1660/1849/1634
f 1660/1849/1634 1683/1874/1657 1684/1875/1658 1661/1850/1635
f 1661/1850/1635 1684/1875/1658 1685/1876/1659 1662/1851/1636
f 1662/1851/1636 1685/1876/1659 1686/1877/1660 1663/1852/1637
f 1663/1852/1637 1686/1877/1660 1687/1878/1661 1664/1853/1638
f 1664/1853/1638 1687/1878/1661 1688/1879/1662 1665/1854/1639
f 1665/1854/1639 1688/1879/1662 1689/1880/1663 1666/1855/1640
f 1666/1855/1640 1689/1880/1663 1690/1881/1664 1667/1856/1641
f 1667/1856/1641 1690/1881/1664 1691/1882/1665 1668/1857/1642
f 1668/1857/1642 1691/1882/1665 1692/1883/1666 1669/1858/1643
f 1669/1858/1643 1692/1883/1666 1693/1884/1667 1670/1859/1644
f 1670/1859/1644 1693/1884/1667 1694/1885/1668 1671/1860/1645
f 1671/1860/1645 1694/1885/1668 1695/1886/1669 1672/1861/1646
f 1672/1861/1646 1695/1886/1669 1696/1887/1670 1673/1862/1647
f 1673/1862/1647 1696/1887/1670 1697/1888/1671 1674/1863/1648
f 1674/1863/1648 1697/1888/1671 1698/1889/1672 1675/1864/1649
f 1675/1864/1649 1698/1889/1672 1699/1890/1673 1676/1865/1650
f 1676/1865/1650 1699/1890/1673 1700/1891/1674 1677/1866/1651
f 1677/1866/1651 1700/1891/1674 1701/1892/1675 1678/1867/1652
f 1678/1867/1652 1701/1892/1675 1702/1893/1676 1679/1868/1653
f 1679/1868/1653 1702/1893/1676 1703/1894/1677 1680/1869/1654
f 1680/1869/1654 1703/1894/1677 1704/1895/1678 1681/1870/1655
f 1681/1870/1655 1704/1895/1678 1175/1896/1172
f 1151/1897/1125 1152/1898/1127 1682/1873/1656
f 1682/1873/1656 1152/1898/1127 1153/1899/1129 1683/1874/1657
f 1683/1874/1657 1153/1899/1129 1154/1900/1131 1684/1875/1658
f 1684/1875/1658 1154/1900/1131 1155/1901/1133 1685/1876/1659
f 1685/1876/1659 1155/1901/1133 1156/1902/1135 1686/1877/1660
f 1686/1877/1660 1156/1902/1135 1157/1903/1137 1687/1878/1661
f 1687/1878/1661 1157/1903/1137 1158/1904/1139 1688/1879/1662
f 1688/1879/1662 1158/1904/1139 1159/1905/1141 1689/1880/1663
f 1689/1880/1663 1159/1905/1141 1160/1906/1143 1690/1881/1664
f 1690/1881/1664 1160/1906/1143 1161/1907/1145 1691/1882/1665
f 1691/1882/1665 1161/1907/1145 1162/1908/1147 1692/1883/1666
f 1692/1883/1666 1162/1908/1147 1163/1909/1149 1693/1884/1667
f 1693/1884/1667 1163/1909/1149 1164/1910/1151 1694/1885/1668
f 1694/1885/1668 1164/1910/1151 1165/1911/1153 1695/1886/1669
f 1695/1886/1669 1165/1911/1153 1166/1912/1155 1696/1887/1670
f 1696/1887/1670 1166/1912/1155 1167/1913/1157 1697/1888/1671
f 1697/1888/1671 1167/1913/1157 1168/1914/1159 1698/1889/1672
f 1698/1889/1672 1168/1914/1159 1169/1915/1161 1699/1890/1673
f 1699/1890/1673 1169/1915/1161 1170/1916/1163 1700/1891/1674
f 1700/1891/1674 1170/1916/1163 1171/1917/1165 1701/1892/1675
f 1701/1892/1675 1171/1917/1165 1172/1918/1167 1702/1893/1676
f 1702/1893/1676 1172/1918/1167 1173/1919/1169 1703/1894/1677
f 1703/1894/1677 1173/1919/1169 1174/1920/1171 1704/1895/1678
f 1704/1895/1678 1174/1920/1171 1175/1921/1172
